-0.00014853515625,-0.00045703125,0
-0.000127757115093114,-0.000393098815671119,0
-7.55212425464543e-05,-0.00023237305398909,0
-8.66785044209077e-05,-0.00026670309052587,0
-4.93517946068964e-07,-1.51851675713527e-06,0
2.74218891917614e-06,8.43750436669581e-06,0
-5.13943962441617e-05,-0.00015813660382819,0
-9.62729063272802e-05,-0.000296224327160862,0
-8.42279298165384e-05,-0.000259162860973964,0
-9.96280403739378e-05,-0.000306547816535193,0
-8.53528453699699e-05,-0.000262624139599907,0
-8.65957172176248e-05,-0.000266448360669615,0
-8.34510470517703e-05,-0.000256772452466986,0
-4.278988559129e-05,-0.000131661186434739,0
-4.78563957069762e-05,-0.000147250448329158,0
-6.9415842813939e-05,-0.000213587208658274,0
-3.56980912471056e-05,-0.000109840280760325,0
-5.87467914183993e-05,-0.000180759358210459,0
-9.13377116615063e-05,-0.000281039112804635,0
-5.04642565808296e-05,-0.000155274635633322,0
-2.26805501751024e-05,-6.97863082310844e-05,0
-4.37258513887464e-05,-0.000134541081196143,0
1.86035980995078e-05,5.72418403061778e-05,0
0.000108271731133217,0.000333143788102206,0
0.000155466281099091,0.000478357787997202,0
0.000116327787734085,0.000357931654566416,0
0.000156940193733898,0.000482892903796609,0
0.000106051698350223,0.000326312918000686,0
0.000154859738471438,0.000476491502989041,0
8.7039878276724e-05,0.000267815010082228,0
5.05529936088148e-05,0.000155547672642507,0
8.00186296504037e-05,0.000246211168155088,0
1.6246575909088e-05,4.99894643356553e-05,0
1.46940835486601e-05,4.52125647651078e-05,0
2.29183697581085e-05,7.05180607941799e-05,0
5.98842030685658e-05,0.000184259086364818,0
9.95713159923385e-05,0.000306373279976426,0
0.000167838293577086,0.000516425518698727,0
0.000195628408217805,0.000601933563747092,0
0.000230525176781732,0.000709308236251482,0
0.000183934688420855,0.000565952887448784,0
0.000229013839484694,0.000704657967645211,0
0.000231496066333917,0.000712295588719745,0
0.000317234222326867,0.000976105299467283,0
0.000335156011343668,0.00103124926567283,0
0.000333520904528787,0.00102621816778088,0
0.000338664257615046,0.00104204386958476,0
0.000382646245071676,0.001177373061759,0
0.000361575454112579,0.00111253985880794,0
0.000407748967924662,0.00125461220899896,0
0.000392985801544134,0.00120918708167426,0
0.000405789583159279,0.00124858333279778,0
0.000411198893666251,0.00126522736512693,0
0.000469401429245066,0.00144431208998482,0
0.000508111956613207,0.00156342140496372,0
0.000544622641993073,0.0016757619753633,0
0.000616898026084359,0.00189814777256726,0
0.000537648729868055,0.0016543037842094,0
0.000563791247542688,0.00173474230013135,0
0.000544582108292717,0.00167563725628528,0
0.000505804868008944,0.00155632267079675,0
0.000536976401034237,0.00165223508010534,0
0.000563720696205866,0.00173452521909497,0
0.00059087944593672,0.00181809060288221,0
0.000584218623849555,0.00179759576569094,0
0.000540980032624445,0.00166455394653675,0
0.000550908276730051,0.00169510238993862,0
0.000590690403532792,0.00181750893394705,0
0.000612921563692095,0.00188591250366798,0
0.000586232834551316,0.00180379333708097,0
0.000602031506973277,0.00185240463684085,0
0.000579409727659575,0.00178279916202946,0
0.000521228975992007,0.00160378146459079,0
0.000438976045049231,0.0013506955232284,0
0.000359565771196386,0.0011063562190658,0
0.000376266466900141,0.00115774297507736,0
0.000340750823391015,0.00104846407197235,0
0.000350952828482289,0.00107985485686858,0
0.00046076017835417,0.00141772362570514,0
0.000519874679680639,0.00159961439901735,0
0.000528327717041054,0.0016256237447417,0
0.000541410923888919,0.00166587976581206,0
0.000543195060646689,0.00167136941737443,0
0.000585421713780736,0.0018012975808638,0
0.000513490036370911,0.00157996934267973,0
0.000573813754271462,0.00176558078237373,0
0.000598356447760307,0.0018410967623394,0
0.000568777407909535,0.00175008433202934,0
0.00056984839570716,0.00175337967909895,0
0.000595310964461563,0.00183172604449712,0
0.000543427948510241,0.00167208599541612,0
0.000513769646099703,0.00158082968030678,0
0.000475369135772294,0.00146267426391475,0
0.000459696002343186,0.00141444923797903,0
0.000393875726311977,0.00121192531172916,0
0.000415081828916402,0.00127717485820431,0
0.000390594986012542,0.00120183072619244,0
0.000351154237756805,0.00108047457771325,0
0.000314341321045494,0.000967204064755367,0
0.000335807398740491,0.00103325353458613,0
0.000313132904765429,0.000963485860816705,0
0.000262970499474125,0.000809139998381924,0
0.000254779040331176,0.000783935508711311,0
0.00024471383451823,0.000752965644671477,0
0.000257073526335509,0.00079099546564772,0
0.000271064683096813,0.000834045178759425,0
0.000192662372740594,0.000592807300740288,0
0.000156314566052926,0.000480967895547464,0
0.000134383960545583,0.000413489109371026,0
6.70049659710519e-05,0.000206169126064775,0
6.1402641626432e-06,1.88931205004406e-05,0
-1.10829108568993e-05,-3.41012641750748e-05,0
1.62715874765265e-05,5.0066423004697e-05,0
1.00387556412647e-05,3.08884788961991e-05,0
4.56313189662404e-05,0.000140404058357663,0
6.70530312872436e-05,0.000206317019345365,0
0.000127366818591095,0.000391897903357216,0
0.000169508257236932,0.00052156386842133,0
0.000142023371031554,0.000436994987789398,0
0.000160280459354614,0.000493170644168042,0
0.000194837519557814,0.00059950006017789,0
0.000207226932734963,0.000637621331492195,0
0.000269010373120839,0.000827724224987195,0
0.000273793593547815,0.000842441826300969,0
0.000344985572861979,0.00106149407034455,0
0.000337979992474618,0.00103993843838344,0
0.000418671188452281,0.00128821904139163,0
0.000376924772811503,0.0011597685317277,0
0.000395016922483128,0.00121543668456347,0
0.000444479204820521,0.00136762832252468,0
0.000415113352645531,0.00127727185429394,0
0.000387390468932265,0.00119197067363774,0
0.000358313166827778,0.00110250205177778,0
0.000308582863605247,0.00094948573416999,0
0.000331730283051014,0.00102070856323389,0
0.000242881666332866,0.000747328204101125,0
0.000170230397754236,0.000523785839243802,0
0.000192983273323682,0.00059379468714979,0
0.000156736761011993,0.000482266956959977,0
0.000135005393565338,0.000415401210970271,0
0.000163074028822314,0.000501766242530196,0
0.000113478596623966,0.000349164912689125,0
9.04771843853846e-05,0.000278391336570414,0
8.75318427709185e-05,0.000269328746987442,0
8.59590618689994e-05,0.000264489421135383,0
0.000104233423582935,0.000320718226409031,0
8.68196364272268e-05,0.000267137342853006,0
5.80811999901548e-05,0.000178711384585092,0
7.03218665677359e-05,0.000216374974054572,0
2.95756042172011e-05,9.10018591298496e-05,0
-8.56909437737823e-06,-2.63664442380869e-05,0
-3.83503307721787e-05,-0.00011800101776055,0
-7.22487729184128e-05,-0.000222303916672039,0
-7.98716229585807e-05,-0.000245758839872556,0
-3.26474437316036e-05,-0.000100453673020319,0
-3.80920440949485e-07,-1.17206289522918e-06,0
5.90415232984165e-05,0.000181666225533589,0
4.95928778882508e-05,0.000152593470425387,0
-1.95454328037538e-05,-6.01397932423193e-05,0
-5.70980097448419e-05,-0.000175686183830283,0
-5.99429343698323e-05,-0.000184439798061022,0
-8.47684984800737e-05,-0.000260826149169458,0
-0.000133760967449208,-0.000411572207536025,0
-0.000134412067045814,-0.000413575590910198,0
-0.000101082538586797,-0.000311023195651684,0
-0.000175333517695337,-0.000539487746754884,0
-0.000137904210232098,-0.000424320646867993,0
-0.000115674273858412,-0.000355920842641267,0
-8.18803583938609e-05,-0.000251939564288803,0
-5.56090607760568e-06,-1.71104802387867e-05,0
-3.4694833195813e-05,-0.000106753332910194,0
1.86504894859984e-05,5.73861214953796e-05,0
3.70776617016986e-05,0.000114085112928303,0
2.97502707072017e-05,9.15392944836976e-05,0
-3.28354829432298e-05,-0.000101032255209938,0
2.39462448866994e-05,7.36807534975367e-05,0
6.44265545289756e-05,0.000198235552396848,0
7.33537886214748e-05,0.000225703964989153,0
8.60844634780415e-05,0.000264875272240128,0
9.34504412375054e-05,0.000287539819192324,0
4.21761263196659e-05,0.000129772696368203,0
9.82311188179877e-05,0.000302249596363039,0
4.00811935278867e-05,0.000123326749316574,0
5.832591753314e-06,1.79464361640431e-05,0
4.95406560625649e-05,0.000152432787884815,0
7.90033520960306e-05,0.000243087237218556,0
0.000154733679442292,0.000476103629053207,0
8.02221598799164e-05,0.000246837415015127,0
1.64855127578901e-05,5.07246546396619e-05,0
-2.24529229253902e-05,-6.90859166935082e-05,0
1.24733811837783e-05,3.83796344116256e-05,0
4.62863520452802e-05,0.000142419544754708,0
-1.53876570302807e-05,-4.73466370162484e-05,0
4.03843523913904e-06,1.24259545819663e-05,0
-8.84806194131322e-05,-0.000272248059732714,0
-9.45183475828691e-05,-0.000290825684870367,0
-0.000113326606472774,-0.00034869725068546,0
-0.000192281564694208,-0.000591635583674488,0
-0.000212748522275222,-0.000654610837769913,0
-0.000213049326945593,-0.000655536390601823,0
-0.00028369439577711,-0.000872905833160338,0
-0.000235294939458122,-0.000723984429101914,0
-0.000198518296368562,-0.000610825527287884,0
-0.0001824338854283,-0.000561335032087077,0
-0.00017258696060701,-0.000531036801867724,0
-0.000126548836442635,-0.000389381035208107,0
-8.09732838250966e-05,-0.000249148565615682,0
-0.000133663698841633,-0.000411272919512717,0
-0.000216316087813637,-0.000665587962503498,0
-0.000245175688783673,-0.000754386734718992,0
-0.000199977501492668,-0.000615315389208208,0
-0.000197482228107697,-0.000607637624946761,0
-0.000156580429478844,-0.000481785936857981,0
-0.000145619482687627,-0.000448059946731159,0
-7.19412186468987e-05,-0.000221357595836611,0
-0.000102777162268381,-0.00031623742236425,0
-0.000101791524196201,-0.000313204689834466,0
-9.86112374890779e-05,-0.000303419192274086,0
-6.53503825531149e-05,-0.00020107810016343,0
-5.12889830313541e-05,-0.00015781225548109,0
-8.91228945589898e-05,-0.000274224290950738,0
-0.000149797870835119,-0.000460916525646521,0
-0.000134329930324759,-0.000413322862537719,0
-0.000185126850819011,-0.000569621079443111,0
-0.000237424568728739,-0.000730537134549966,0
-0.000197844427006446,-0.000608752083096757,0
-0.000135920464150088,-0.000418216812769502,0
-0.000201996674116051,-0.000621528228049387,0
-0.000196482708976064,-0.000604562181464811,0
-0.000264514337150093,-0.000813890268154131,0
-0.000231732137447361,-0.000713021961376497,0
-0.00015977063439731,-0.000491601951991724,0
-0.000179874339515447,-0.000553459506201376,0
-0.000133090482228291,-0.000409509176087049,0
-0.000151684628842653,-0.000466721934900472,0
-0.0001338757543594,-0.000411925398028924,0
-0.000143865004712061,-0.000442661552960189,0
-0.000150282486576754,-0.000462407651005397,0
-9.76024131873912e-05,-0.000300315117499665,0
-0.000119083450493033,-0.000366410616901639,0
-8.82925810322564e-05,-0.00027166948009925,0
-2.63647150137191e-05,-8.11222000422127e-05,0
4.02081934339131e-05,0.000123717518258194,0
6.49747490599042e-06,1.99922304799705e-05,0
5.99008117991371e-05,0.000184310190151191,0
0.000157982164812121,0.000486098968652681,0
0.000100051423337936,0.000307850533347494,0
6.82616440085099e-05,0.000210035827718492,0
9.10739025890358e-05,0.000280227392581649,0
5.43844796631301e-05,0.000167336860501939,0
3.76374525076827e-05,0.000115807546177485,0
3.09145717701952e-05,9.51217592929084e-05,0
6.61726445889519e-05,0.000203608137196775,0
1.13005619342005e-05,3.47709597975401e-05,0
4.93357789614966e-05,0.000151802396804605,0
1.99226146753385e-05,6.13003528471954e-05,0
-5.00450206792691e-05,-0.000153984679013136,0
-2.44044988098601e-05,-7.50907655688002e-05,0
-5.44109158087795e-05,-0.000167418202488552,0
-3.7376579566832e-05,-0.000115004860205637,0
-5.62957142840835e-05,-0.000173217582412564,0
-6.49195995987278e-05,-0.000199752614149932,0
2.65693559576691e-05,8.17518644851356e-05,0
3.54477196036584e-05,0.000109069906472795,0
5.94325468069248e-05,0.000182869374790538,0
2.66224062408405e-05,8.19150961256631e-05,0
1.15654737788754e-05,3.55860731657705e-05,0
6.6771140647048e-05,0.000205449663529378,0
5.97152525070738e-05,0.000183739238483304,0
-3.1226269023112e-05,-9.60808277634215e-05,0
-1.62558045203436e-05,-5.00178600625958e-05,0
2.09939936736482e-05,6.45969036112254e-05,0
9.45566141038789e-05,0.000290943428011935,0
0.000115709651896702,0.0003560296981437,0
0.000175439616408439,0.000539814204333657,0
0.000201724699912671,0.000620691384346681,0
0.000264643906575425,0.000814288943308998,0
0.000245201802287099,0.000754467083960305,0
0.000298750708038951,0.000919232947812158,0
0.000353711928680091,0.00108834439593874,0
0.000359829300804871,0.0011071670793996,0
0.00039284154875225,0.00120874322693,0
0.000403044719059165,0.00124013759710512,0
0.000417293402774528,0.0012839797008447,0
0.000410015149103545,0.00126158507416476,0
0.000410111145830833,0.00126188044871025,0
0.000389456237985754,0.00119832688611001,0
0.000422375290221457,0.00129961627760448,0
0.000313002065652707,0.000963083278931405,0
0.000287643072386625,0.000885055607343461,0
0.000266142477111699,0.000818899929574458,0
0.00032328247763557,0.000994715315801752,0
0.000386641267212232,0.0011896654375761,0
0.000397026732601083,0.00122162071569564,0
0.000480335006196641,0.00147795386522043,0
0.000447892086078706,0.00137812949562679,0
0.000516503382160025,0.001589241175877,0
0.000581951793881661,0.00179062090425126,0
0.000584662670184771,0.00179896206210699,0
0.00062834038466636,0.00193335502974265,0
0.000608532975969967,0.00187240915683067,0
0.000527649885737839,0.00162353810996258,0
0.000490989308257769,0.00151073633310083,0
0.00048541602979732,0.00149358778399176,0
0.000471685465386744,0.00145133989349767,0
0.000442416348184989,0.00136128107133843,0
0.000335525875125223,0.00103238730807761,0
0.000374029221237261,0.00115085914226849,0
0.000444067329592471,0.00136636101413068,0
0.000502344819628069,0.00154567636808637,0
0.000511343153307546,0.0015733635486386,0
0.000510509536721281,0.00157079857452702,0
0.000574029571624896,0.00176624483576891,0
0.000595786028819939,0.00183318778098443,0
0.000560469130655544,0.00172452040201706,0
0.000509149746117723,0.00156661460343915,0
0.000518290682593567,0.00159474056182636,0
0.000502014241174556,0.00154465920361402,0
0.000517728030737283,0.00159300932534549,0
0.00057926959106733,0.00178236797251486,0
0.000643148945990142,0.00197891983381582,0
0.000632188944032342,0.00194519675086874,0
0.00061073338786437,0.00187917965496729,0
0.000567235627728576,0.001745340393011,0
0.000605313043966085,0.0018625016737418,0
0.000601018983168281,0.00184928917897933,0
0.00058272379008285,0.001792996277178,0
0.000595912416329946,0.0018335766656306,0
0.000588492863315281,0.00181074727173933,0
0.000634584362072271,0.00195256726791468,0
0.00067094264683632,0.00206443891334252,0
0.000601394564883582,0.0018504448150264,0
0.000597970220389874,0.00183990837043038,0
0.000584973138804454,0.00179991735016755,0
0.000657999010054663,0.00202461233862973,0
0.000662941770213213,0.00203982083142527,0
0.000660069483601385,0.0020309830264658,0
0.00063822342140967,0.00196376437356822,0
0.000647251120910919,0.00199154191049514,0
0.000714282173916267,0.00219779130435775,0
0.000809905916042378,0.00249201820320732,0
0.000756343870303045,0.00232721190862475,0
0.000844150276448951,0.00259738546599677,0
0.000839491807354008,0.00258305171493541,0
0.00082692237190905,0.00254437652895092,0
0.000871955167783044,0.00268293897779398,0
0.000902513674484262,0.00277696515225927,0
0.00091329236833136,0.00281013036409649,0
0.000945821823163732,0.00291022099434995,0
0.00103744932731715,0.00319215177636045,0
0.00094687766618408,0.00291346974210486,0
0.00100917957578125,0.00310516792548076,0
0.000989566102544436,0.0030448187770598,0
0.000989385148308753,0.00304426199479616,0
0.000968766075716181,0.00298081869451132,0
0.00093968951068583,0.00289135234057179,0
0.000946467506854568,0.00291220771339867,0
0.0010037197392684,0.00308836842851815,0
0.00104264214813569,0.00320812968657135,0
0.00103627111799662,0.00318852651691269,0
0.00109651359056571,0.00337388797097141,0
0.00106487591064288,0.00327654126351655,0
0.00109642877327023,0.00337362699467763,0
0.00114025700226089,0.00350848308387965,0
0.00116538216633617,0.00358579128103436,0
0.00108603723391829,0.00334165302744088,0
0.00117156591932916,0.00360481821332049,0
0.00110877477234223,0.00341161468412995,0
0.00107178735097408,0.00329780723376639,0
0.00106370402317156,0.0032729354559125,0
0.00100652632947243,0.00309700409068439,0
0.00104924908271197,0.00322845871603684,0
0.00105275887308739,0.00323925807103811,0
0.00106510521958132,0.00327724682948098,0
0.00105853182204429,0.0032570209909055,0
0.00104317818604904,0.00320977903399705,0
0.000966882359990114,0.00297502264612343,0
0.00102025995312957,0.00313926139424483,0
0.00102512501371056,0.00315423081141711,0
0.000995312768113191,0.00306250082496366,0
0.00100589085832209,0.00309504879483721,0
0.00107965102929783,0.00332200316707024,0
0.00117993863512469,0.00363058041576826,0
0.00117619539447363,0.00361906275222655,0
0.00121107909544894,0.00372639721676596,0
0.00123843824050258,0.00381057920154639,0
0.00120302451878287,0.00370161390394731,0
0.00123405899163663,0.00379710458965116,0
0.00130601792234417,0.00401851668413591,0
0.00135083901586466,0.00415642774112202,0
0.00134369525134344,0.00413444692721057,0
0.00141557272942206,0.00435560839822173,0
0.00143345322360541,0.00441062530340125,0
0.00145421750941581,0.00447451541358709,0
0.00156658788243993,0.00482027040750746,0
0.0016187770674918,0.00498085251535937,0
0.0015540568045611,0.00478171324480339,0
0.0015286592659519,0.0047035669721597,0
0.00156308149664014,0.0048094815281235,0
0.00158063866658605,0.00486350358949554,0
0.00157222992431913,0.00483763053636655,0
0.0015343028944215,0.00472093198283538,0
0.0015193620041519,0.00467496001277509,0
0.0015327841008729,0.0047162587719166,0
0.00147870211848297,0.0045498526722553,0
0.00147648631238485,0.004543034807338,0
0.00144033480454347,0.00443179939859529,0
0.00141107645184836,0.00434177369799495,0
0.00148487882002925,0.0045688579077823,0
0.00151480602776352,0.00466094162388775,0
0.0015693501007628,0.00482876954080862,0
0.00152363782932254,0.0046881163979155,0
0.00143572870822364,0.00441762679453426,0
0.00149789013365114,0.00460889271892658,0
0.00157790972188288,0.0048551068365627,0
0.00153748265822843,0.00473071587147208,0
0.00164098795916576,0.00504919372051003,0
0.00158291073781132,0.00487049457788098,0
0.0015665263784634,0.00482008116450276,0
0.00146357837899923,0.00450331808922841,0
0.0015555965489686,0.00478645091990338,0
0.00158329472467607,0.00487167607592636,0
0.0016343474468092,0.00502876137479754,0
0.00157815083280672,0.00485584871632836,0
0.00157042328169419,0.00483207163598213,0
0.00160771728835561,0.00494682242570958,0
0.00159064256140802,0.00489428480433236,0
0.00151975737388406,0.00467617653502788,0
0.00154257303981134,0.00474637858403489,0
0.00156773061943856,0.00482378652134942,0
0.00155881625454917,0.00479635770630514,0
0.00156777382990824,0.00482391947664074,0
0.00160246245712354,0.00493065371422629,0
0.00159037225232706,0.00489345308408327,0
0.00156714213881091,0.00482197581172586,0
0.00161078772603129,0.00495626992625011,0
0.00159948364046233,0.00492148812449948,0
0.00153032683091319,0.00470869794127137,0
0.00152927383858204,0.00470545796486781,0
0.00155290441715744,0.00477816743740751,0
0.00158798062691197,0.00488609423665222,0
0.00162711691013848,0.00500651356965687,0
0.00162234379775453,0.00499182707001393,0
0.00160361169081359,0.00493418981788796,0
0.00166458457330619,0.00512179868709597,0
0.00167685164524991,0.00515954352384587,0
0.00168820390115923,0.00519447354202839,0
0.00170094066175998,0.00523366357464608,0
0.00170193270088789,0.00523671600273197,0
0.00167467480542665,0.00515284555515892,0
0.0016897464858231,0.00519921995637876,0
0.00169800520073808,0.00522463138688641,0
0.00169213025583837,0.00520655463334882,0
0.00168742524935358,0.0051920776903187,0
0.00169358095762509,0.00521101833115411,0
0.0017312177724961,0.0053268239153726,0
0.00172258339208066,0.00530025659101741,0
0.00177907501134519,0.00547407695798518,0
0.0017722550946411,0.00545309259889571,0
0.0016890084034763,0.00519694893377322,0
0.00172128264288296,0.00529625428579373,0
0.00172450196971433,0.00530615990681333,0
0.00174358485381477,0.00536487647327622,0
0.00178211109809472,0.00548341876336837,0
0.00178958927388281,0.00550642853502402,0
0.00176002944068227,0.0054154752020993,0
0.00179446503844792,0.00552143088753205,0
0.00176234902746041,0.00542261239218587,0
0.0017460019177844,0.00537231359318277,0
0.00174683639706251,0.00537488122173081,0
0.00176339204430291,0.0054258216747782,0
0.0017988551020578,0.00553493877556245,0
0.00181948658551879,0.00559842026313472,0
0.00182882064543006,0.0056271404474771,0
0.00184166189221545,0.00566665197604754,0
0.00175961682716974,0.00541420562206073,0
0.00171721725928459,0.00528374541318335,0
0.00175213123471624,0.00539117302989612,0
0.0017732272769275,0.0054560839290077,0
0.00183353409529345,0.00564164337013368,0
0.00175003814951733,0.00538473276774562,0
0.00176008200934691,0.00541563695183664,0
0.0016766379585601,0.00515888602633876,0
0.00166959168134348,0.00513720517336454,0
0.00168619418561411,0.00518828980188957,0
0.00171477073744317,0.00527621765367129,0
0.00171518743787432,0.00527749980884407,0
0.00178962937309168,0.00550655191720516,0
0.00182167024006072,0.00560513920018684,0
0.00186742924720567,0.00574593614524822,0
0.00190040106967838,0.0058473879067027,0
0.00186751363837922,0.00574619581039759,0
0.00191808576504123,0.00590180235397302,0
0.00190170961615963,0.0058514142035681,0
0.00186601618351995,0.00574158825698447,0
0.00189783481368823,0.00583949173442534,0
0.0018637199458441,0.00573452291028955,0
0.00181644356941804,0.00558905713667089,0
0.00174635154400293,0.00537338936616287,0
0.00174741817222135,0.00537667129914261,0
0.00179265900740622,0.00551587386894221,0
0.00174022933973808,0.0053545518145787,0
0.00170060139959184,0.00523261969105181,0
0.00162592482341006,0.00500284561049249,0
0.00162964806453978,0.00501430173704547,0
0.00166561813717205,0.00512497888360631,0
0.00168018847324618,0.00516981068691131,0
0.00173705245389116,0.00534477678120356,0
0.00176957852067385,0.00544485698668877,0
0.00191413101628957,0.0058896338962756,0
0.00190126434349948,0.00585004413384455,0
0.00187164504590512,0.00575890783355422,0
0.001913252590736,0.00588693104841845,0
0.00184150810755914,0.00566617879248965,0
0.00190212389085077,0.00585268889492544,0
0.00192660086117703,0.00592800264977547,0
0.00183687804190482,0.0056519324366302,0
0.00184214705976728,0.00566814479928395,0
0.00182122914350635,0.00560378198001955,0
0.00183276389037962,0.00563927350886036,0
0.00186077102714851,0.00572544931430312,0
0.00184458844637255,0.00567565675806938,0
0.00178441189152925,0.0054904981277823,0
0.00172654157887703,0.00531243562731393,0
0.00172741750918407,0.00531513079748946,0
0.0017185115708108,0.00528772791018707,0
0.00173039869599017,0.00532430367996975,0
0.00169092688821001,0.00520285196372311,0
0.00169648807299083,0.00521996330151025,0
0.0016874440990316,0.005192135689328,0
0.00163355933621984,0.00502633641913797,0
0.00160333020365509,0.00493332370355412,0
0.00157235548677326,0.00483801688237927,0
0.00159719505009375,0.00491444630798077,0
0.00167520015550571,0.00515446201694063,0
0.00165851527852243,0.00510312393391517,0
0.00167500759133721,0.00515386951180681,0
0.00167958667788732,0.00516795900888407,0
0.00167077959594779,0.00514086029522397,0
0.00172598339376169,0.00531071813465136,0
0.00170279447401851,0.00523936761236464,0
0.00169295412685925,0.00520908962110539,0
0.00165563024923874,0.00509424692073459,0
0.00169122556610597,0.00520377097263375,0
0.00170703289312497,0.00525240890192297,0
0.00170674592471363,0.00525152592219578,0
0.00162948418469757,0.00501379749137713,0
0.0016328920039093,0.0050242830889517,0
0.00161238983205459,0.00496119948324489,0
0.00164332018393373,0.00505636979671917,0
0.00155975363591483,0.004799241956661,0
0.00155700177536605,0.004790774693434,0
0.00150668882087007,0.00463596560267714,0
0.00149203975912723,0.00459089156654533,0
0.00150141150719403,0.00461972771444318,0
0.00147187836790619,0.00452885651663442,0
0.0014490605009487,0.00445864769522676,0
0.00144824111539321,0.00445612650890218,0
0.00144646808185853,0.00445067102110318,0
0.001430822687753,0.0044025313469323,0
0.00142604681986076,0.00438783636880232,0
0.00143512708914508,0.00441577565890794,0
0.00139242726251386,0.00428439157696572,0
0.00136566270991911,0.0042020391074434,0
0.00130686369627754,0.00402111906546934,0
0.0013050192268775,0.00401544377500768,0
0.00126801866315956,0.00390159588664479,0
0.00117864100703338,0.00362658771394886,0
0.00115675045625406,0.00355923217308941,0
0.00114946527815749,0.00353681624048458,0
0.00114288449422963,0.00351656767455271,0
0.0011635703790413,0.0035802165508963,0
0.00114249087776629,0.00351535654697319,0
0.00113083468618139,0.00347949134209659,0
0.00112707429577388,0.00346792091007347,0
0.00111849507491575,0.00344152330743309,0
0.00107185504128946,0.00329801551165988,0
0.00106232279102965,0.00326868551086047,0
0.00113855052740104,0.00350323239200319,0
0.00113255186309608,0.00348477496337256,0
0.00113487066375457,0.00349190973462944,0
0.00109085969211427,0.00335649136035159,0
0.00106920727289135,0.00328986853197338,0
0.00108651911795588,0.00334313574755656,0
0.0010754364462402,0.00330903521920062,0
0.00106744775995202,0.00328445464600623,0
0.00108100524670957,0.00332616998987561,0
0.00107215378039179,0.00329893470889782,0
0.00106867096648049,0.00328821835840152,0
0.0010555444224699,0.00324782899221508,0
0.00101602151515778,0.00312622004663933,0
0.00108463669520851,0.00333734367756464,0
0.00105780032482861,0.00325477023024188,0
0.0010970443679159,0.00337552113204891,0
0.0011298568709591,0.00347648267987415,0
0.00103904435447011,0.00319705955221571,0
0.00109827806568995,0.00337931712519986,0
0.00113314000510508,0.00348658463109255,0
0.0011302559131864,0.003477710502112,0
0.00119326096028459,0.00367157218549105,0
0.00126359482755469,0.00388798408478366,0
0.0012003137184732,0.00369327297991754,0
0.0012339006202569,0.00379661729309815,0
0.00138004599265168,0.00424629536200516,0
0.00145915569974781,0.00448970984537787,0
0.0015184402417502,0.00467212382076983,0
0.00152650329744012,0.00469693322289266,0
0.00150435514481766,0.00462878506097741,0
0.00157566681898772,0.00484820559688529,0
0.00159520468475848,0.00490832210694916,0
0.00149917268426408,0.00461283902850485,0
0.00155179424107541,0.00477475151100127,0
0.00152181339491259,0.0046825027535772,0
0.00148660730461936,0.00457417632190573,0
0.00146176004440696,0.00449772321355989,0
0.00148695250165713,0.00457523846663731,0
0.00149806579219304,0.0046094332067478,0
0.00153840809530249,0.00473356337016152,0
0.00154753735023092,0.00476165338532592,0
0.00154829276563042,0.00476397774040129,0
0.00152236308942141,0.00468419412129664,0
0.00147548088684815,0.00453994119030198,0
0.00147273578269125,0.00453149471597308,0
0.00144535616648825,0.00444724974304078,0
0.0014745877857227,0.00453719318683908,0
0.00147828163600247,0.0045485588800076,0
0.00148144685467964,0.00455829801439889,0
0.00148292609748495,0.00456284953072293,0
0.00144591562781624,0.00444897116251152,0
0.00148135280725174,0.00455800863769766,0
0.00142874275364215,0.00439613154966817,0
0.00142865764200222,0.00439586966769913,0
0.00149010187971241,0.00458492886065357,0
0.00144017937109611,0.00443132114183419,0
0.00152285318376328,0.00468570210388701,0
0.00152378649502595,0.00468857383084908,0
0.00150395682858079,0.00462755947255627,0
0.0014485015594769,0.00445692787531353,0
0.0013834633441781,0.00425681028977878,0
0.00140450571520899,0.00432155604679691,0
0.00137370361369149,0.00422678034981997,0
0.0014294132978952,0.00439819476275447,0
0.0013903675790756,0.00427805408946338,0
0.00137365780005187,0.00422663938477497,0
0.00133333500800632,0.00410256925540407,0
0.00131571685668896,0.00404835955904295,0
0.00133508483697479,0.00410795334453783,0
0.00125153460998392,0.00385087572302743,0
0.00114480647441745,0.00352248145974601,0
0.00119603221032882,0.00368009910870406,0
0.0011531430269841,0.0035481323907203,0
0.00115875586881984,0.0035654026732918,0
0.0012188235000797,0.00375022615409137,0
0.00120882837251018,0.00371947191541593,0
0.00115293128128791,0.00354748086550128,0
0.00120571980434541,0.00370990709029356,0
0.0012430855400754,0.00382487858484738,0
0.00121914012534245,0.00375120038566909,0
0.00125189595460417,0.00385198755262821,0
0.00117721291269594,0.00362219357752598,0
0.00112277669719817,0.00345469752984053,0
0.00113665782639203,0.00349740869659087,0
0.00108911611375561,0.00335112650386342,0
0.00102212403995731,0.00314499704602248,0
0.00106705585854206,0.00328324879551404,0
0.00105084712344136,0.00323337576443494,0
0.000970336366501838,0.00298565035846719,0
0.000980581080795937,0.00301717255629519,0
0.000930831962097236,0.00286409834491457,0
0.000946540079845813,0.00291243101491019,0
0.000958243547659589,0.00294844168510643,0
0.00093868942089917,0.00288827514122821,0
0.000945710435194914,0.0029098782621382,0
0.000995793510712348,0.00306398003296107,0
0.00102748314220603,0.00316148659140317,0
0.00100542162922657,0.00309360501300484,0
0.00099354071396008,0.0030570483506464,0
0.000930150051943947,0.00286200015982753,0
0.000964254447367884,0.00296693676113195,0
0.000878247877923686,0.00270230116284211,0
0.000890419109680089,0.00273975110670797,0
0.000864525613369097,0.00266007881036645,0
0.000887532596551557,0.00273086952785095,0
0.000878473210199961,0.00270299449292296,0
0.000932313721031225,0.002868657603173,0
0.000888019545573435,0.00273236783253365,0
0.000918659381353329,0.00282664425031793,0
0.000885749756490962,0.00272538386612604,0
0.00089103118697359,0.0027416344214572,0
0.000933481437446804,0.0028722505767594,0
0.000937668859884937,0.00288513495349211,0
0.000950109830331294,0.00292341486255783,0
0.000959726635475018,0.00295300503223082,0
0.000930545125915058,0.00286321577204633,0
0.000953404713917534,0.0029335529659001,0
0.00102743849122308,0.00316134920376332,0
0.0010334979828355,0.00317999379334,0
0.000990916968857867,0.00304897528879344,0
0.00102258930843,0.00314642864132308,0
0.000946443786966917,0.00291213472912897,0
0.000978087943225275,0.00300950136377008,0
0.00100706812407718,0.00309867115100671,0
0.000958997959021854,0.00295076295083647,0
0.000943490075134855,0.00290304638503032,0
0.000918531827461784,0.00282625177680549,0
0.000871018243211062,0.00268005613295711,0
0.000783399713074052,0.00241046065561247,0
0.000712302128295683,0.00219169885629441,0
0.000743836564393604,0.00228872789044186,0
0.000737272313508337,0.00226853019541027,0
0.000649009807703932,0.00199695325447364,0
0.000643205929836767,0.00197909516872851,0
0.000608162568275182,0.00187126944084671,0
0.00054075029483243,0.00166384706102286,0
0.000538276084017715,0.00165623410466989,0
0.000558215004111031,0.00171758462803394,0
0.000571094322730332,0.00175721330070872,0
0.000565037592032352,0.00173857720625339,0
0.000551810627779842,0.00169787885470721,0
0.000536197889498685,0.00164983965999595,0
0.000473028864133438,0.00145547342810289,0
0.00048936150600356,0.00150572771078019,0
0.000517394540308833,0.00159198320095026,0
0.00047055775739975,0.00144787002276846,0
0.000467712977312117,0.00143911685326805,0
0.000451010252570724,0.00138772385406376,0
0.000477695890498327,0.00146983350922562,0
0.000463828051596966,0.00142716323568297,0
0.000414139835171405,0.00127427641591202,0
0.000408084993324326,0.00125564613330562,0
0.000402299729265703,0.00123784532081755,0
0.000300691727381816,0.000925205315020971,0
0.000366380352002664,0.0011273241600082,0
0.00032371289119329,0.000996039665210123,0
0.000359285677396938,0.00110549439199058,0
0.000285540314869067,0.000878585584212514,0
0.000308040589629336,0.000947817198859496,0
0.000276247816703261,0.00084999328216388,0
0.000262235981346367,0.000806879942604205,0
0.00030958132558837,0.000952557924887292,0
0.000318559941082176,0.000980184434099004,0
0.00032758102975171,0.00100794163000526,0
0.000364427814673049,0.00112131635284015,0
0.000309194552028777,0.000951367852396236,0
0.000340205698462135,0.00104678676449888,0
0.000369958977719484,0.00113833531605995,0
0.000366792743162241,0.00112859305588382,0
0.00035767413029158,0.00110053578551255,0
0.000339232351266259,0.00104379185005003,0
0.000314769060156782,0.000968520185097792,0
0.000260868910472105,0.000802673570683401,0
0.000276356959690705,0.00085032910674063,0
0.000329292415069296,0.00101320743098245,0
0.000268164771188153,0.000825122372886624,0
0.000224624907088263,0.00069115356027158,0
0.000104304975062397,0.000320938384807377,0
9.68926626267653e-05,0.000298131269620816,0
6.47213939308498e-05,0.000199142750556461,0
5.2852474831013e-05,0.00016262299948004,0
6.21060758237146e-05,0.000191095617919122,0
-3.48718600399139e-06,-1.07298030892043e-05,0
-0.00010009840115845,-0.000307995080487538,0
-0.000127854145452648,-0.000393397370623533,0
-0.00011993452973924,-0.000369029322274586,0
-7.76005865791557e-05,-0.000238771035628171,0
-6.104653334565e-05,-0.000187835487217384,0
-5.11068195714281e-05,-0.000157251752527471,0
-3.068501901006e-05,-9.44154431078768e-05,0
-8.98026605057413e-05,-0.000276315878479204,0
-0.000118155663797607,-0.000363555888608022,0
-0.000178824827348532,-0.000550230237995483,0
-0.000125878994752307,-0.000387319983853251,0
-0.000140131620081803,-0.000431174215636318,0
-6.16225781520453e-05,-0.000189607932775524,0
-6.46718606009325e-05,-0.000198990340310562,0
-8.05975396718959e-05,-0.00024799242975968,0
-0.000125380159057644,-0.000385785104792752,0
-0.000132947863520252,-0.000409070349293083,0
-0.000161588838742097,-0.000497196426898761,0
-0.000167943860583291,-0.000516750340256279,0
-0.000147409948397131,-0.000453569071991172,0
-0.000179075017739984,-0.000551000054584567,0
-0.000249894072544392,-0.000768904838598129,0
-0.00021450055142362,-0.00066000169668806,0
-0.000201709060538135,-0.00062064326319426,0
-0.000165053174848333,-0.000507855922610255,0
-0.000138729163881425,-0.000426858965789001,0
-0.000175592004278104,-0.000540283090086473,0
-0.000192089172166601,-0.000591043606666463,0
-0.00013559462440642,-0.000417214228942832,0
-0.000106951992653025,-0.000329083054317001,0
-0.000177215477857978,-0.000545278393409163,0
-0.000176562257040712,-0.000543268483202191,0
-0.000141673458439587,-0.000435918333660268,0
-9.23021799124706e-05,-0.000284006707422986,0
-0.00015558686806541,-0.000478728824816645,0
-0.00011157209861855,-0.000343298764980153,0
-0.000116028174726053,-0.000357009768387854,0
-0.000160708855037087,-0.000494488784729498,0
-0.000166406532903041,-0.000512020101240127,0
-0.000261590351136073,-0.000804893388110992,0
-0.000298083251707002,-0.000917179236021546,0
-0.000180240636698213,-0.000554586574456039,0
-0.000249609472215476,-0.000768029145278386,0
-0.000215634837419876,-0.000663491807445773,0
-0.000153309672272298,-0.000471722068530148,0
-0.000191473431947072,-0.000589149021375605,0
-0.000229799649170167,-0.000707075843600513,0
-0.000198098444802754,-0.000609533676316167,0
-0.000267761094935168,-0.00082388029210821,0
-0.000250950845679212,-0.000772156448243728,0
-0.000236411990927072,-0.000727421510544836,0
-0.000158659226210128,-0.000488182234492702,0
-0.000212186296309599,-0.000652880911721844,0
-0.000232624459167662,-0.000715767566669729,0
-0.000306072192094458,-0.00094176059105987,0
-0.000330433126861335,-0.00101671731341949,0
-0.000291340162766997,-0.000896431270052299,0
-0.000261632001955461,-0.000805021544478343,0
-0.000261745045781462,-0.000805369371635268,0
-0.000287333580883988,-0.000884103325796887,0
-0.000274346325460181,-0.000844142539877479,0
-0.000263433241142929,-0.000810563818901321,0
-0.000285223398074638,-0.000877610455614269,0
-0.000375956863293149,-0.00115679034859431,0
-0.000418348315872944,-0.00128722558730137,0
-0.000483901447112437,-0.00148892752957673,0
-0.000438837372996618,-0.00135026883998959,0
-0.00040617494817124,-0.00124976907129612,0
-0.000394546519901317,-0.00121398929200405,0
-0.000396367429842511,-0.00121959209182311,0
-0.000417495818744383,-0.00128460251921349,0
-0.000440132894806108,-0.00135425506094187,0
-0.00044768609010238,-0.00137749566185348,0
-0.000498765799261644,-0.00153466399772814,0
-0.000516012852748548,-0.00158773185461092,0
-0.000567943232568786,-0.00174751763867319,0
-0.00061048598831748,-0.00187841842559225,0
-0.000588253176116987,-0.00181000977266765,0
-0.000662889777012061,-0.0020396608523448,0
-0.000702358910552671,-0.00216110434016206,0
-0.000734354234280036,-0.00225955149009242,0
-0.000766696649634302,-0.00235906661425939,0
-0.000823268115985934,-0.0025331326645721,0
-0.000858878463352382,-0.00264270296416118,0
-0.00097723602674288,-0.00300688008228578,0
-0.00101436990999554,-0.00312113818460165,0
-0.00109741918575272,-0.00337667441770068,0
-0.00103737709576364,-0.00319192952542657,0
-0.00102742710300987,-0.0031613141631073,0
-0.00106803274560466,-0.00328625460186048,0
-0.00115372730615491,-0.00354993017278433,0
-0.00111608869565333,-0.0034341190635487,0
-0.00108715119554049,-0.00334508060166304,0
-0.00108996983896263,-0.00335375335065426,0
-0.00101582877313182,-0.00312562699425175,0
-0.00102755833932851,-0.00316171796716464,0
-0.0010498171258623,-0.00323020654111477,0
-0.00103257158055581,-0.00317714332478711,0
-0.000989790216495869,-0.00304550835844883,0
-0.00102767279966823,-0.00316207015282532,0
-0.00102264998681206,-0.00314661534403709,0
-0.0010899695742282,-0.00335375253608678,0
-0.00110401274001773,-0.00339696227697762,0
-0.00115751317878822,-0.00356157901165605,0
-0.00118400671690427,-0.00364309759047468,0
-0.00117111333412814,-0.00360342564347119,0
-0.00122749640449833,-0.00377691201384103,0
-0.00118888512080703,-0.00365810806402163,0
-0.00128530690497541,-0.00395479047684743,0
-0.00127890451319623,-0.00393509080983455,0
-0.00130326871517417,-0.0040100575851513,0
-0.00128494485158467,-0.00395367646641438,0
-0.00125602867052032,-0.003864703601601,0
-0.00126763065614259,-0.00390040201890027,0
-0.00125434877133427,-0.00385953468102852,0
-0.00127778581641673,-0.00393164866589763,0
-0.00127507979938902,-0.00392332245965853,0
-0.0012517968548541,-0.00385168263032029,0
-0.00121606429186279,-0.00374173628265474,0
-0.00118463173218142,-0.00364502071440438,0
-0.00112691974085035,-0.0034674453564626,0
-0.00109748637964904,-0.00337688116815088,0
-0.00113208902991169,-0.00348335086126672,0
-0.00114239747372015,-0.00351506914990815,0
-0.00119603993970376,-0.00368012289139618,0
-0.00124222612190518,-0.00382223422124669,0
-0.00133070314012331,-0.00409447120037942,0
-0.00129426253469324,-0.00398234626059459,0
-0.0013023975114589,-0.00400737695833506,0
-0.00132338416239461,-0.0040719512689065,0
-0.00130715217383232,-0.00402200668871482,0
-0.00129578624400721,-0.00398703459694527,0
-0.00130248593358388,-0.00400764902641193,0
-0.00130052110589789,-0.00400160340276273,0
-0.00128846129775206,-0.00396449630077557,0
-0.00128936265880966,-0.00396726971941434,0
-0.00134758972000935,-0.00414642990772107,0
-0.00130222625543691,-0.00400685001672894,0
-0.00135443725874214,-0.00416749925766813,0
-0.00131563000953294,-0.00404809233702443,0
-0.00135220856506976,-0.00416064173867618,0
-0.0013091328541926,-0.0040281010898234,0
-0.00133822297299551,-0.0041176091476785,0
-0.00126891725969303,-0.00390436079905546,0
-0.00121446353870038,-0.00373681088830885,0
-0.00122976643704787,-0.00378389672937805,0
-0.00113965244965827,-0.00350662292202545,0
-0.00113939462441292,-0.00350582961357823,0
-0.00116829209794061,-0.00359474491674034,0
-0.00109707758669279,-0.00337562334367012,0
-0.00104228612105068,-0.00320703421861747,0
-0.00107016324284776,-0.00329280997799312,0
-0.001050087777908,-0.00323103931664,0
-0.00107026050007072,-0.00329310923098684,0
-0.00106994867651277,-0.00329214977388543,0
-0.00100112518029942,-0.00308038517015207,0
-0.00101376729908103,-0.00311928399717241,0
-0.0010129446366484,-0.00311675272814892,0
-0.000901497326495996,-0.00277383792767999,0
-0.000888051000968192,-0.00273246461836367,0
-0.000882267768260578,-0.00271467005618639,0
-0.000897070210429486,-0.00276021603209073,0
-0.000850154699713796,-0.00261586061450399,0
-0.000849169129648331,-0.00261282809122563,0
-0.00081064205728541,-0.00249428325318588,0
-0.000785563220958461,-0.00241711760294911,0
-0.00070878504980213,-0.00218087707631424,0
-0.000642426944906027,-0.00197669829201854,0
-0.000716029160347844,-0.00220316664722414,0
-0.000621991116063467,-0.00191381881865682,0
-0.000591490553076563,-0.00181997093254327,0
-0.0006015335827677,-0.00185087256236215,0
-0.000524629694293857,-0.00161424521321187,0
-0.000548255083507868,-0.00168693871848575,0
-0.000583833255975148,-0.00179641001838507,0
-0.000527118289773572,-0.00162190243007253,0
-0.000404729941133267,-0.00124532289579467,0
-0.000443316958575408,-0.00136405218023203,0
-0.00042607554736311,-0.00131100168419419,0
-0.000341962109505909,-0.00105219110617203,0
-0.000331349354612897,-0.00101953647573199,0
-0.000330065517198554,-0.00101558620676478,0
-0.00033837847866087,-0.00104116454972575,0
-0.000309191405837505,-0.000951358171807708,0
-0.00025299713138395,-0.000778452711950616,0
-0.000196944262118957,-0.000605982344981406,0
-0.000205200029836999,-0.000631384707190766,0
-0.00025929359835938,-0.0007978264564904,0
-0.000229107366162676,-0.000704945742039002,0
-0.000133088609607075,-0.000409503414175617,0
-9.29019212910005e-05,-0.000285852065510771,0
-7.27061602603298e-05,-0.000223711262339476,0
-3.2304089376746e-06,-9.93971980822954e-06,0
5.50848106063031e-05,0.000169491724942471,0
0.000120232587152488,0.000369946422007654,0
9.02332873335367e-05,0.00027764088410319,0
0.00015131257197343,0.00046557714453363,0
0.000193193786231334,0.000594442419173335,0
0.000111439827710258,0.000342891777570025,0
0.000181982407294569,0.000559945868598674,0
0.00020250855953988,0.000623103260122707,0
0.00022354575628177,0.0006878330962516,0
0.00031474731143701,0.00096845326596003,0
0.000370785751475077,0.00114087923530793,0
0.000408696825079267,0.00125752869255159,0
0.000408535271265099,0.00125703160389261,0
0.000437097869122678,0.00134491652037747,0
0.000511567339023924,0.00157405335084284,0
0.000500387945202276,0.001539655216007,0
0.000534799928702766,0.00164553824216236,0
0.000536102090890556,0.00164954489504786,0
0.000561263543774493,0.00172696475007536,0
0.000615051688684202,0.00189246673441293,0
0.000642749025622584,0.00197768930960795,0
0.000584578762300222,0.00179870388400068,0
0.00063513612772472,0.00195426500838375,0
0.000604409675976456,0.00185972207992756,0
0.000649556463609623,0.00199863527264499,0
0.000643236726214874,0.001979189926815,0
0.000623796591695429,0.00191937412829363,0
0.000731716680251651,0.00225143593923585,0
0.000718507705349752,0.0022107929395377,0
0.000782611113894714,0.00240803419659912,0
0.000890735660145261,0.00274072510813926,0
0.000938483809766889,0.00288764249159043,0
0.00103089873277449,0.00317199610084458,0
0.00107255417752975,0.00330016670009154,0
0.00107855744278702,0.00331863828549853,0
0.00114828005393995,0.0035331693967383,0
0.00119167592348064,0.00366669514917121,0
0.00126289237662545,0.00388582269730906,0
0.00123928415866875,0.00381318202667309,0
0.00124546266259215,0.00383219280797585,0
0.00128970695645059,0.00396832909677106,0
0.00129847640898488,0.00399531202764578,0
0.00128435487619017,0.00395186115750821,0
0.00125825882697012,0.00387156562144651,0
0.00125477659202638,0.00386085105238886,0
0.00124972758035897,0.00384531563187374,0
0.00121881648109971,0.00375020455722988,0
0.00127354188966178,0.00391859042972855,0
0.00127656758280099,0.00392790025477228,0
0.00126520070479965,0.00389292524553737,0
0.00127315075647465,0.00391738694299893,0
0.0012668145198924,0.00389789083043815,0
0.00130359816772599,0.00401107128531074,0
0.00125424921808123,0.00385922836332687,0
0.00125912011780366,0.00387421574708819,0
0.00125967595999988,0.00387592603076885,0
0.00131052004675858,0.00403236937464178,0
0.00140621717251342,0.00432682206927205,0
0.00139806537845439,0.00430173962601352,0
0.00151211889632328,0.00465267352714855,0
0.00150740545702971,0.00463817063701449,0
0.00152775996519569,0.00470079989290982,0
0.00160146088672888,0.0049275719591658,0
0.00161551934839465,0.00497082876429123,0
0.0016262272467746,0.00500377614392184,0
0.00173687759552386,0.00534423875545805,0
0.00169014906448371,0.00520045865994986,0
0.00167762234532574,0.00516191490869459,0
0.0017144826634194,0.0052753312720597,0
0.0018120331131242,0.00557548650192061,0
0.001837113292338,0.00565265628411694,0
0.00186530306215468,0.005739394037399,0
0.00190375704604426,0.00585771398782849,0
0.00195963014174057,0.00602963120535559,0
0.00200887225845503,0.00618114541063086,0
0.00206570762044092,0.00635602344751053,0
0.00215601229480076,0.00663388398400235,0
0.00223881534328388,0.00688866259471963,0
0.00227381147860333,0.00699634301108717,0
0.00229811846901598,0.00707113375081841,0
0.00229809459630365,0.00707106029631893,0
0.00226488730550508,0.00696888401693871,0
0.00224979259267581,0.00692243874669481,0
0.00225257637200193,0.0069310042215444,0
0.00225813993199611,0.00694812286768033,0
0.00225928103077347,0.00695163394084144,0
0.00227297343676036,0.00699376442080112,0
0.00219349282471616,0.00674920869143435,0
0.00215237424338475,0.00662268997964537,0
0.00224451729828513,0.00690620707164654,0
0.00231704352476325,0.00712936469157925,0
0.00232025392268734,0.00713924283903797,0
0.00230922168139461,0.00710529748121418,0
0.0022687658014657,0.0069808178506637,0
0.00235551606061582,0.00724774172497175,0
0.00235757370125974,0.00725407292695305,0
0.00228756763217206,0.00703866963745249,0
0.002271687394152,0.00698980736662154,0
0.00227756496196034,0.00700789219064721,0
0.00229418523661972,0.00705903149729145,0
0.00228642620437326,0.00703515755191771,0
0.00227205047492879,0.00699092453824242,0
0.00236972810740732,0.00729147109971484,0
0.0023696542654019,0.00729124389354431,0
0.00238687898617,0.00734424303436922,0
0.00233951814019106,0.00719851735443403,0
0.00234942689223757,0.00722900582226945,0
0.0023789441350784,0.00731982810793355,0
0.00239020309357806,0.00735447105716327,0
0.00237112393855563,0.00729576596478654,0
0.00249685800380352,0.00768264001170315,0
0.0024854298709229,0.0076474765259166,0
0.00253875451136944,0.00781155234267519,0
0.00253596466559577,0.00780296820183314,0
0.00258988673361017,0.00796888225726207,0
0.00259316560271147,0.00797897108526606,0
0.00264352401247079,0.00813392003837165,0
0.00264206831912441,0.00812944098192126,0
0.00265192348383912,0.00815976456565883,0
0.00268426258104355,0.00825926948013401,0
0.00271745903353209,0.00836141241086797,0
0.00279321463710611,0.00859450657571111,0
0.00275588098106454,0.00847963378789088,0
0.00276381690700984,0.00850405202156873,0
0.00280197508165616,0.00862146178971127,0
0.00284621581412765,0.00875758712039276,0
0.0028321001221477,0.00871415422199292,0
0.00275974142249254,0.00849151206920781,0
0.00279155493043976,0.00858939978596848,0
0.00279138423084229,0.00858887455643782,0
0.00277182472076842,0.00852869144851823,0
0.00281650303900856,0.00866616319694943,0
0.00283681832506857,0.00872867176944175,0
0.00285252395575351,0.00877699678693388,0
0.00295287474393346,0.00908576844287219,0
0.00302957205305464,0.00932176016324503,0
0.00311024329877788,0.009569979380855,0
0.00318521826985923,0.00980067159956687,0
0.00319096977566984,0.00981836854052259,0
0.00327121182743633,0.0100652671613425,0
0.00328845540582242,0.0101183243256075,0
0.00327812004448592,0.0100865232138028,0
0.00326698703132329,0.0100522677886871,0
0.00329819624564529,0.010148296140447,0
0.00333378236445053,0.010257791890617,0
0.00327709903424935,0.0100833816438442,0
0.00331064542263674,0.0101866013004207,0
0.00333376068721607,0.0102577251914341,0
0.00337901724812732,0.0103969761480841,0
0.0033797655227604,0.0103992785315704,0
0.00337069067636032,0.0103713559272625,0
0.00342594982189802,0.0105413840673785,0
0.00339662886147306,0.0104511657276094,0
0.00340795100301601,0.0104860030862031,0
0.00338582233779301,0.010417914885517,0
0.003331983989208,0.0102522584283323,0
0.00333230900176082,0.0102532584669564,0
0.00333465643084124,0.0102604813256654,0
0.00334454148949244,0.010290896890746,0
0.00340297098573596,0.0104706799561106,0
0.0034148979132662,0.0105073781946652,0
0.0034509589044544,0.0106183350906289,0
0.00340518013698731,0.0104774773445763,0
0.00342774654827667,0.0105469124562359,0
0.00349902933275716,0.0107662441007913,0
0.00352645926420337,0.0108506438898565,0
0.00346576844223776,0.0106639028991931,0
0.0034780578215196,0.0107017163739065,0
0.00346219345040995,0.0106529029243383,0
0.00348396193848729,0.0107198828876532,0
0.00342590462214139,0.0105412449912043,0
0.00342066303449209,0.0105251170292064,0
0.00339394662117731,0.0104429126805456,0
0.00338126413035902,0.0104038896318739,0
0.00335110619166336,0.0103110959743488,0
0.00330284946943611,0.0101626137521111,0
0.00333421869852048,0.0102591344569861,0
0.0033919510230532,0.0104367723786252,0
0.00341060143184696,0.0104941582518368,0
0.0034073761777183,0.0104842343929794,0
0.00340745222312345,0.0104844683788414,0
0.0034211136402468,0.0105265035084517,0
0.00343391780966115,0.0105659009528035,0
0.00351469771387869,0.0108144545042421,0
0.00348728564403224,0.0107301096739453,0
0.00350844991154013,0.0107952304970466,0
0.00355148536687019,0.0109276472826775,0
0.00355829599800082,0.0109486030707718,0
0.00362155399665558,0.0111432430666325,0
0.00362783726978465,0.011162576214722,0
0.00364579412800743,0.0112178280861767,0
0.003674598508011,0.0113064569477262,0
0.00364350220876996,0.0112107760269845,0
0.00370430092744509,0.0113978490075234,0
0.003792330007857,0.0116687077164831,0
0.00376486299838324,0.0115841938411792,0
0.00378320684604659,0.0116406364493741,0
0.00381264006205602,0.0117312001909416,0
0.00386960725770128,0.0119064838698501,0
0.00383596528743776,0.0118029701151931,0
0.00386305302705774,0.0118863170063315,0
0.00385092450433153,0.0118489984748662,0
0.00378119376721977,0.0116344423606762,0
0.00371925943540328,0.0114438751858563,0
0.00372122902291961,0.0114499354551373,0
0.00369018042386618,0.0113544013042036,0
0.00364895291471392,0.011227547429889,0
0.00365932399857072,0.0112594584571407,0
0.00359484225455741,0.0110610530909459,0
0.00361131149571038,0.0111117276791089,0
0.00361455995481514,0.0111217229378927,0
0.00356738931008891,0.0109765824925813,0
0.0036397434058765,0.01119921047962,0
0.00364969400327168,0.0112298277023744,0
0.00362078641733219,0.011140881284099,0
0.00367608836737975,0.0113110411303992,0
0.00363012354984554,0.0111696109226017,0
0.00364006947690144,0.0112002137750814,0
0.00356922336791742,0.0109822257474382,0
0.00359356139828403,0.0110571119947201,0
0.00356343719385505,0.0109644221349386,0
0.00351501277301455,0.0108154239169678,0
0.00345753656215644,0.0106385740374044,0
0.00344217371316578,0.0105913037328178,0
0.00355530799607325,0.0109394092186869,0
0.00362322287660846,0.0111483780818722,0
0.00359988372905261,0.0110765653201619,0
0.00358687166575228,0.0110365282023147,0
0.00360753627661455,0.0111001116203525,0
0.00363241503566947,0.0111766616482138,0
0.00369063208674357,0.0113557910361341,0
0.0037173040541679,0.0114378586282089,0
0.00371892927653124,0.0114428593124038,0
0.00375742080830382,0.011561294794781,0
0.00375719165981522,0.0115605897225084,0
0.00366998736143043,0.0112922688044013,0
0.00364726743013493,0.0112223613234921,0
0.00365900861444469,0.0112584880444452,0
0.0036384056949946,0.0111950944461372,0
0.0036034183011214,0.0110874409265274,0
0.0035969095221641,0.0110674139143511,0
0.00354620015617487,0.0109113850959227,0
0.0035409915340174,0.0108953585662074,0
0.00355747817603122,0.0109460866954807,0
0.00353983013614211,0.0108917850342834,0
0.00359435372747015,0.0110595499306774,0
0.00356794645257024,0.0109782967771392,0
0.00355082991527202,0.0109256305085293,0
0.00355627988982271,0.010942399660993,0
0.00364225860095035,0.0112069495413857,0
0.00369836449684973,0.0113795830672299,0
0.00369575026914402,0.0113715392896739,0
0.00371175486434336,0.0114207841979796,0
0.00366557266446259,0.0112786851214233,0
0.00361192184678864,0.0111136056824266,0
0.00357171453944551,0.0109898908906016,0
0.00361999110463079,0.0111384341680947,0
0.00362134176072953,0.0111425900330139,0
0.00361000183193517,0.0111076979444159,0
0.00361848954892836,0.0111338139967026,0
0.00362528810897953,0.0111547326430139,0
0.00365934971753208,0.0112595375924064,0
0.0036495940654134,0.011229520201272,0
0.00358865114993109,0.0110420035382495,0
0.00359317398027239,0.0110559199392996,0
0.00354561651844885,0.0109095892875349,0
0.00350095334060443,0.0107721641249367,0
0.0034640365990013,0.0106585741507732,0
0.00339027645480186,0.0104316198609288,0
0.00331613132749436,0.010203481007675,0
0.00333554051876508,0.0102632015962003,0
0.00331092597433147,0.0101874645364045,0
0.00331077607826806,0.0101870033177479,0
0.00321083361097034,0.00987948803375489,0
0.00316703118760155,0.00974471134646632,0
0.00312995205153773,0.00963062169703917,0
0.00317893476804504,0.0097813377478309,0
0.00315191493603481,0.00969819980318404,0
0.00312051961279882,0.00960159880861175,0
0.0031331287464107,0.00964039614280216,0
0.00309677321126859,0.00952853295774952,0
0.00296706522818506,0.00912943147133866,0
0.00295485086380455,0.00909184881170632,0
0.00291384176458739,0.00896566696796118,0
0.00282903344992011,0.00870471830744648,0
0.00281137697540859,0.00865039069356489,0
0.00284673501578767,0.00875918466396205,0
0.00287167812847753,0.0088359327030078,0
0.00290191776814401,0.00892897774813542,0
0.00284424244292861,0.00875151520901112,0
0.00285074858014321,0.00877153409274834,0
0.00276620228017249,0.00851139163129996,0
0.00285355420443196,0.00878016678286756,0
0.0028302836917727,0.00870856520545447,0
0.00275711397220738,0.00848342760679192,0
0.0027269089890519,0.00839048919708277,0
0.00267002942285524,0.00821547514724688,0
0.00268304571542984,0.00825552527824566,0
0.00265339972463355,0.0081643068450263,0
0.00266865677006599,0.00821125160020305,0
0.00267173417035924,0.00822072052418227,0
0.00271154407393976,0.00834321253519926,0
0.00274793416886743,0.00845518205805362,0
0.00271224584289372,0.00834537182428837,0
0.00263300667874478,0.00810155901152239,0
0.0026836935417442,0.00825751858998216,0
0.00273392792362676,0.00841208591885157,0
0.00262158957005307,0.00806642944631714,0
0.0025452992613327,0.00783169003486986,0
0.00250880566277485,0.00771940203930724,0
0.00253584882303495,0.00780261176318447,0
0.00260990111170509,0.00803046495909257,0
0.00260325058362893,0.00801000179578132,0
0.00264379638985662,0.00813475812263575,0
0.00263926789317642,0.00812082428669666,0
0.00260781639929692,0.00802405045937515,0
0.00254401183661278,0.00782772872803933,0
0.00260304557488536,0.00800937099964727,0
0.00256289485481938,0.00788583032252117,0
0.00251738184360239,0.00774579028800735,0
0.00246745480994469,0.00759216864598366,0
0.00246137959438439,0.00757347567502888,0
0.00240289220447372,0.00739351447530374,0
0.00235870135242965,0.00725754262286045,0
0.00238560456123627,0.00734032172688082,0
0.00237895207962496,0.00731985255269219,0
0.00242711230995986,0.00746803787679956,0
0.00242042889818079,0.00744747353286397,0
0.00241012176213278,0.00741575926810085,0
0.00248451859171727,0.0076446725898993,0
0.00242558126596551,0.00746332697220157,0
0.00240115175520882,0.00738815924679638,0
0.00231634661930079,0.00712722036707936,0
0.0023364200266426,0.00718898469736185,0
0.00229327278407611,0.00705622395100341,0
0.00236859700414764,0.00728799078199273,0
0.00237993472501416,0.00732287607696665,0
0.00235365916065628,0.0072420281866347,0
0.00241617760235123,0.00743439262261917,0
0.00245901987579215,0.00756621500243739,0
0.0024761377696192,0.00761888544498217,0
0.00252666707302176,0.00777436022468233,0
0.00261334869820177,0.00804107291754391,0
0.0026391340115022,0.00812041234308369,0
0.00266197189999738,0.00819068276922271,0
0.00263196802798695,0.00809836316303676,0
0.00264584114178062,0.00814104966701729,0
0.0025472975275015,0.00783783854615847,0
0.00249891585996559,0.0076889718768172,0
0.00246438309741457,0.00758271722281407,0
0.00243885227741457,0.00750416085358329,0
0.00246536150545355,0.00758572770908785,0
0.00244839052469112,0.00753350930674191,0
0.0025159513875571,0.00774138888479107,0
0.00254537560876369,0.00783192495004214,0
0.00247830346775127,0.00762554913154237,0
0.00238116260583407,0.00732665417179713,0
0.00241515155264496,0.00743123554659988,0
0.00237120620164107,0.00729601908197253,0
0.00239557261927676,0.00737099267469772,0
0.00245180253230495,0.00754400779170755,0
0.00248514156092495,0.00764658941823063,0
0.00242020218582566,0.00744677595638665,0
0.00244991731071416,0.00753820710988973,0
0.00241999578834784,0.00744614088722413,0
0.00244130688484552,0.00751171349183236,0
0.00246111930807843,0.00757267479408747,0
0.00244616022665075,0.00752664685123308,0
0.00247537224737925,0.00761652999193616,0
0.00251881845869183,0.00775021064212871,0
0.00257688310169529,0.00792887108213936,0
0.00252934983354512,0.00778261487244651,0
0.00250432033877092,0.00770560104237206,0
0.0024050731122969,0.00740022496091353,0
0.00243506381447818,0.00749250404454826,0
0.00250454224629788,0.00770628383476272,0
0.0024809614619088,0.00763372757510399,0
0.00242754175876756,0.00746935925774635,0
0.00243638591240078,0.00749657203815625,0
0.00244362657058069,0.00751885098640214,0
0.00245896511353544,0.00756604650318598,0
0.00242632613662546,0.00746561888192451,0
0.00245135923718421,0.00754264380672065,0
0.00237911114370245,0.00732034198062291,0
0.00237492994007625,0.00730747673869616,0
0.00241313021509158,0.00742501604643563,0
0.00237946647892388,0.00732143531976579,0
0.00235603736499651,0.00724934573845079,0
0.00231490671150633,0.00712278988155793,0
0.0023463822837054,0.00721963779601662,0
0.00228043903785987,0.00701673550110729,0
0.00229624733198353,0.00706537640610316,0
0.00220761716774023,0.00679266820843147,0
0.00216126176184943,0.00665003619030594,0
0.00217663416085379,0.00669733587955011,0
0.00215978091794763,0.00664547974753118,0
0.00212801943030245,0.0065477520932383,0
0.00219820199065884,0.00676369843279644,0
0.00221705615770291,0.0068217112544705,0
0.0022010325865075,0.00677240795848461,0
0.00223764212318299,0.0068850526867169,0
0.00219110271898287,0.0067418545199473,0
0.0021868830262341,0.00672887084995107,0
0.0021074830740902,0.00648456330489294,0
0.00200880280492123,0.00618093170744992,0
0.00192554749013578,0.00592476150811009,0
0.00188536464416485,0.00580112198204571,0
0.00184298917796664,0.00567073593220504,0
0.00173065785818176,0.00532510110209773,0
0.00167010946431349,0.00513879835173382,0
0.00159531557513803,0.004908663308117,0
0.00156141341731764,0.00480434897636198,0
0.0014581159288277,0.00448651055023909,0
0.00141986109455186,0.00436880336785187,0
0.00138432752711517,0.00425946931420053,0
0.00136252362036437,0.0041923803703519,0
0.00127706502217503,0.00392943083746163,0
0.00133423383104468,0.00410533486475287,0
0.00134116769879274,0.00412666984243919,0
0.00134614256997971,0.0041419771383991,0
0.00127229173953484,0.00391474381395337,0
0.0012964828452797,0.003989177985476,0
0.00124916817106014,0.00384359437249274,0
0.00122980255734131,0.00378400786874249,0
0.00117477138613,0.00361468118809231,0
0.00121533584056008,0.00373949489403102,0
0.0011366583177984,0.00349741020861047,0
0.00111743075108241,0.00343824846486894,0
0.00115348504383947,0.00354918475027528,0
0.00115446538229583,0.00355220117629485,0
0.00114102991190083,0.00351086126738717,0
0.0012050401166054,0.00370781574340122,0
0.00117739710265866,0.0036227603158728,0
0.00120289008564423,0.00370120026352071,0
0.0011378270987091,0.00350100645756645,0
0.00112600760127579,0.00346463877315629,0
0.00108279308155925,0.0033316710201823,0
0.00106442419139418,0.00327515135813592,0
0.00106054341392375,0.00326321050438078,0
0.00100916737195866,0.00310513037525742,0
0.000977363622621268,0.00300727268498852,0
0.00102141079867275,0.0031428024574546,0
0.00101045087016226,0.00310907960049927,0
0.000901372972324897,0.00277345529946122,0
0.000912171334428628,0.00280668102901116,0
0.000908441606884054,0.00279520494425863,0
0.000856466680121293,0.0026352820926809,0
0.000829360912536708,0.00255187973088218,0
0.000756363552541464,0.00232727246935835,0
0.000672957423050603,0.00207063822477109,0
0.000687835517247993,0.00211641697614767,0
0.000653748144610159,0.00201153275264664,0
0.000582640520657552,0.0017927400635617,0
0.00056309079278215,0.00173258705471431,0
0.000588577876476291,0.00181100885069628,0
0.000618198117344005,0.00190214805336617,0
0.000719629370418648,0.00221424421667276,0
0.000715608903270743,0.00220187354852536,0
0.000719799432336066,0.00221476748411097,0
0.000771848788674306,0.00237491934976709,0
0.000724064109569379,0.00222788956790578,0
0.000741151832788218,0.0022804671778099,0
0.0007796697714484,0.00239898391214892,0
0.000782345275870523,0.00240721623344776,0
0.000798256650316214,0.00245617430866527,0
0.000752439128424558,0.00231519731822941,0
0.000732114312858415,0.00225265942417974,0
0.000719499145260519,0.00221384352387852,0
0.00071464968042303,0.00219892209360932,0
0.000728947157937299,0.00224291433211477,0
0.000704261293243678,0.00216695782536516,0
0.000661803004293649,0.00203631693628815,0
0.00064521868267434,0.00198528825438258,0
0.000668520203059136,0.00205698524018195,0
0.000668168275933598,0.00205590238748799,0
0.000648783845705255,0.0019962579867854,0
0.000659310840872991,0.00202864874114766,0
0.000608163464860327,0.00187127219957024,0
0.000596458751536462,0.00183525769703527,0
0.00056878026853277,0.00175009313394698,0
0.000544947531727858,0.00167676163608572,0
0.000531279972713772,0.00163470760835007,0
0.000423752558468586,0.00130385402605719,0
0.000429469645905478,0.00132144506432455,0
0.000360655072579655,0.00110970791562971,0
0.000366008776002027,0.00112618084923701,0
0.000315639262274504,0.000971197730075398,0
0.000285164650390389,0.00087742969350889,0
0.000213437881331742,0.000656731942559206,0
0.00015074235578696,0.000463822633190646,0
0.000206071006584827,0.000634064635645622,0
0.000210440142143032,0.000647508129670867,0
0.000196593610244571,0.00060490341613714,0
0.000233951115129354,0.000719849585013398,0
0.000165365311358574,0.000508816342641766,0
0.000129291238784744,0.00039781919626075,0
0.000137457004422223,0.000422944628991454,0
9.77065152441942e-05,0.000300635431520597,0
0.000167644348521639,0.000515828764681966,0
6.94019484164493e-05,0.000213544456665998,0
4.19479042074957e-05,0.000129070474484602,0
2.01259205567619e-05,6.19259094054212e-05,0
-1.74155436201701e-05,-5.3586288062062e-05,0
-6.98060854269462e-05,-0.000214787955159835,0
-0.000132533512101857,-0.000407795421851868,0
-0.000141103673425433,-0.000434165149001333,0
-0.000150029799817602,-0.000461630153284929,0
-0.000176149440875846,-0.000541998279617987,0
-0.000164495978067191,-0.000506141470975972,0
-0.000240202217365073,-0.000739083745738687,0
-0.00025861182049117,-0.000795728678434368,0
-0.000258539562079091,-0.000795506344858742,0
-0.000227358237658993,-0.000699563808181518,0
-0.000233610266677623,-0.000718800820546533,0
-0.000187840116081418,-0.000577969587942824,0
-0.000256119880025688,-0.000788061169309809,0
-0.000337784648220193,-0.00103933737913905,0
-0.000264373746360103,-0.000813457681108009,0
-0.000283902700581759,-0.000873546771020798,0
-0.000381862922253118,-0.0011749628377019,0
-0.000417368875662429,-0.00128421192511517,0
-0.000378265867189896,-0.00116389497596891,0
-0.000401680225903237,-0.00123593915662534,0
-0.000400812498957271,-0.00123326922756083,0
-0.000455588014498349,-0.00140180927537953,0
-0.000547293121348805,-0.0016839788349194,0
-0.00060597995887609,-0.00186455371961874,0
-0.000590156241000473,-0.00181586535692453,0
-0.000608893566826532,-0.00187351866715856,0
-0.000629854018088686,-0.0019380123633498,0
-0.000655523435028035,-0.00201699518470165,0
-0.000674866821746213,-0.00207651329768065,0
-0.000673999375262841,-0.00207384423157797,0
-0.000683780871058017,-0.00210394114171698,0
-0.000693643006177868,-0.00213428617285498,0
-0.000704024742062077,-0.00216622997557562,0
-0.000695187379876498,-0.00213903809192769,0
-0.000677291487947572,-0.00208397380906945,0
-0.000673356597587386,-0.00207186645411503,0
-0.000679747294950164,-0.0020915301383082,0
-0.000732977405858435,-0.00225531509494903,0
-0.000658335913971235,-0.00202564896606534,0
-0.000593771045230427,-0.00182698783147824,0
-0.000534171281937586,-0.00164360394442334,0
-0.00056818248986173,-0.00174825381495917,0
-0.000567641306452652,-0.00174658863523893,0
-0.000600435118303295,-0.00184749267170244,0
-0.000621711230121912,-0.00191295763114434,0
-0.000591463918143048,-0.00181988897890169,0
-0.000667751422243737,-0.00205461976074996,0
-0.000656993704703594,-0.00202151909139567,0
-0.00059520675444378,-0.00183140539828855,0
-0.000556697637474047,-0.00171291580761245,0
-0.000560348492984396,-0.00172414920918276,0
-0.000542154169797897,-0.00166816667630122,0
-0.000520951717733251,-0.00160292836225616,0
-0.000574583871766752,-0.00176795037466693,0
-0.000579035419584381,-0.00178164744487502,0
-0.000645857310274972,-0.00198725326238453,0
-0.00056506530761944,-0.00173866248498289,0
-0.000578220440711932,-0.00177913981757518,0
-0.000618452723748305,-0.00190293145768709,0
-0.000595299956212297,-0.00183169217296091,0
-0.000595174943742616,-0.00183130751920805,0
-0.000602686384677957,-0.00185441964516294,0
-0.00056280047124656,-0.00173169375768172,0
-0.000578181953202599,-0.00177902139446954,0
-0.00062757546034408,-0.00193100141644332,0
-0.000581924430378835,-0.00179053670885795,0
-0.000667633364730115,-0.00205425650686189,0
-0.000612444446587923,-0.00188444445103976,0
-0.000561594433846142,-0.00172798287337274,0
-0.000584447548806543,-0.00179830015017398,0
-0.000622952719834189,-0.00191677759948981,0
-0.000592782464068621,-0.00182394604328806,0
-0.000607226633633772,-0.00186838964195007,0
-0.000636604927201181,-0.00195878439138825,0
-0.000717930230359576,-0.00220901609341408,0
-0.000676191200824377,-0.00208058831022885,0
-0.00065147701336516,-0.00200454465650818,0
-0.000632648675901041,-0.00194661131046474,0
-0.000707569913569297,-0.00217713819559784,0
-0.000674230568321505,-0.0020745555948354,0
-0.000701062333416523,-0.00215711487205084,0
-0.00083721296174493,-0.00257603988229209,0
-0.000747661608891252,-0.00230049725812693,0
-0.00074501428881522,-0.00229235165789298,0
-0.000680209735217615,-0.00209295303143881,0
-0.000691664780128721,-0.00212819932347299,0
-0.000781213704810992,-0.00240373447634151,0
-0.000747537019121748,-0.00230011390498999,0
-0.000776620984560549,-0.00238960302941707,0
-0.000817832890968958,-0.0025164088952891,0
-0.00081228377628447,-0.00249933469625991,0
-0.00080607573272755,-0.00248023302377708,0
-0.000823978640218529,-0.00253531889298009,0
-0.00086469770873034,-0.00266060833455489,0
-0.000839689023825508,-0.00258365853484772,0
-0.000804700860276428,-0.00247600264700439,0
-0.000799276408203673,-0.00245931202524207,0
-0.000764762155738281,-0.00235311432534856,0
-0.000788851273050706,-0.00242723468630986,0
-0.000742548533645082,-0.00228476471890794,0
-0.000747332401125819,-0.00229948431115637,0
-0.000696362958034309,-0.00214265525549018,0
-0.000757823929718929,-0.0023317659375967,0
-0.00080569661620877,-0.0024790665114116,0
-0.000734842706885788,-0.0022610544827255,0
-0.000785581359896635,-0.00241717341506657,0
-0.000825217821668121,-0.00253913175897883,0
-0.000864077797143981,-0.00265870091428917,0
-0.000819887199686465,-0.00252272984518912,0
-0.00068699942057104,-0.00211384437098781,0
-0.000638357484409029,-0.00196417687510471,0
-0.00067340904360842,-0.00207202782648745,0
-0.000702217147940277,-0.00216066814750855,0
-0.000744737200852345,-0.00229149907954568,0
-0.000695907419760856,-0.00214125359926417,0
-0.000737937502882578,-0.00227057693194639,0
-0.000676026878743623,-0.00208008270382653,0
-0.000700277301822043,-0.00215469939022167,0
-0.000799396285520983,-0.0024596808785261,0
-0.000843246666662672,-0.00259460512819284,0
-0.000882127110405172,-0.00271423726278514,0
-0.000851650937762108,-0.00262046442388341,0
-0.000973311238428937,-0.00299480381055058,0
-0.00100965797767952,-0.00310663993132159,0
-0.00101700838920248,-0.00312925658216147,0
-0.000957452799691659,-0.00294600861443587,0
-0.000948557779677317,-0.00291863932208405,0
-0.000922845914422035,-0.00283952589052934,0
-0.000877154609721758,-0.00269893726068233,0
-0.000887543166546624,-0.00273090205091269,0
-0.00091362972936378,-0.0028111683980424,0
-0.000912007425504591,-0.00280617669386028,0
-0.000905179418641871,-0.00278516744197499,0
-0.00090469033169917,-0.00278366255907437,0
-0.000843748018259342,-0.00259614774849028,0
-0.000824273794808423,-0.00253622706094899,0
-0.000843560482635767,-0.00259557071580236,0
-0.000796835952983134,-0.0024518029322558,0
-0.000855505455647172,-0.00263232447891437,0
-0.000847831206977894,-0.00260871140608583,0
-0.000829421972178253,-0.00255206760670232,0
-0.000906233450873204,-0.0027884106180714,0
-0.000902153844128118,-0.00277585798193267,0
-0.000879869203685379,-0.00270728985749347,0
-0.000901042009137999,-0.00277243695119384,0
-0.000837274570797203,-0.00257622944860678,0
-0.000912140513752425,-0.00280658619616131,0
-0.000900276591515471,-0.0027700818200476,0
-0.000820016175427078,-0.00252312669362178,0
-0.000845108709457711,-0.00260033449063911,0
-0.000813930353698985,-0.00250440108830457,0
-0.000795832813687529,-0.00244871634980778,0
-0.000768984606087317,-0.00236610648026867,0
-0.000787694166000725,-0.00242367435692531,0
-0.000734927318397488,-0.00226131482583842,0
-0.000720841650919514,-0.00221797431052158,0
-0.000717773563718509,-0.0022085340422108,0
-0.000678677428482071,-0.0020882382414833,0
-0.000642693372836925,-0.00197751807026746,0
-0.000687229069700617,-0.00211455098369421,0
-0.000659234288215824,-0.00202841319451023,0
-0.000677132579486982,-0.00208348485995995,0
-0.000725811835184383,-0.00223326718518272,0
-0.000742111743727,-0.00228342074992923,0
-0.000781449272886731,-0.00240445930118994,0
-0.000814960787596396,-0.00250757165414276,0
-0.000813344407005395,-0.00250259817540122,0
-0.000886124301016572,-0.00272653631082022,0
-0.000925822915266428,-0.00284868589312747,0
-0.000915042995140899,-0.00281551690812584,0
-0.000872829323534338,-0.00268562868779796,0
-0.000883280605303405,-0.00271778647785663,0
-0.000847565542589052,-0.00260789397719708,0
-0.000817691865023085,-0.0025159749693018,0
-0.00089763058497831,-0.00276194026147172,0
-0.00101378690012652,-0.00311934430808161,0
-0.000981492629169037,-0.00301997732052011,0
-0.000989622965100987,-0.00304499373877227,0
-0.000968092781407697,-0.00297874701971599,0
-0.000982799687553154,-0.00302399903862509,0
-0.000960678071753845,-0.00295593252847337,0
-0.000914402776410484,-0.00281354700433995,0
-0.000921582939227181,-0.00283563981300671,0
-0.000938350369413052,-0.00288723190588631,0
-0.000898819935147926,-0.00276559980045516,0
-0.000958016905446145,-0.00294774432444968,0
-0.000867951884093901,-0.00267062118182739,0
-0.000856059052753861,-0.00263402785462726,0
-0.000883380052590784,-0.00271809246951011,0
-0.000862260291107717,-0.00265310858802375,0
-0.000856986361803864,-0.00263688111324266,0
-0.000922014552756204,-0.00283696785463447,0
-0.00105139776003272,-0.00323507003086992,0
-0.00106107086873677,-0.00326483344226698,0
-0.00110741197606405,-0.00340742146481247,0
-0.00107423235052042,-0.0033053303092936,0
-0.00106733280983855,-0.00328410095334938,0
-0.00109118447779973,-0.00335749070092226,0
-0.0011335937318619,-0.00348798071342122,0
-0.0010509485967678,-0.00323368799005476,0
-0.00105668229393697,-0.00325133013519069,0
-0.00110643783484351,-0.0034044241072108,0
-0.00106389606152061,-0.00327352634314033,0
-0.00111811728032437,-0.00344036086253653,0
-0.00120833078793418,-0.00371794088595133,0
-0.00121067717980656,-0.00372516055325095,0
-0.0012076327244474,-0.00371579299829971,0
-0.00124915429347176,-0.0038435516722208,0
-0.00135232853258199,-0.00416101086948303,0
-0.00144192925741586,-0.00443670540743342,0
-0.00141058342421002,-0.00434025668987698,0
-0.00138170605036264,-0.00425140323188505,0
-0.00144998059757604,-0.00446147876177245,0
-0.00151872661792161,-0.00467300497822033,0
-0.0015695286953954,-0.00482931906275509,0
-0.00159712021198737,-0.00491421603688423,0
-0.00169044650091611,-0.00520137384897263,0
-0.00168127894526327,-0.00517316598542543,0
-0.0016898412247931,-0.00519951146090183,0
-0.00168436557722415,-0.00518266331453585,0
-0.00173328536743399,-0.00533318574595072,0
-0.00184525392062096,-0.0056777043711414,0
-0.00188060878375227,-0.00578648856539159,0
-0.00187893517104299,-0.0057813389878246,0
-0.00189990788020288,-0.00584587040062424,0
-0.00189614165175609,-0.00583428200540334,0
-0.0019163633345209,-0.00589650256775662,0
-0.00195680917175135,-0.00602095129769647,0
-0.00194554263989422,-0.00598628504582837,0
-0.00201752066286466,-0.00620775588573742,0
-0.00196643026948222,-0.00605055467532991,0
-0.0020386266184373,-0.00627269728749939,0
-0.00203920715294058,-0.00627448354750947,0
-0.00202096107647601,-0.00621834177377234,0
-0.00199788339958999,-0.00614733353719996,0
-0.00196426619146661,-0.00604389597374341,0
-0.00201121523365689,-0.00618835456509814,0
-0.00196772885356452,-0.00605455031866007,0
-0.00196377612076823,-0.00604238806390225,0
-0.00187686411839327,-0.00577496651813314,0
-0.00194108887721178,-0.00597258116065162,0
-0.0019373271256927,-0.00596100654059291,0
-0.00191365113826626,-0.00588815734851157,0
-0.00188975921641874,-0.0058146437428269,0
-0.0018943491075549,-0.00582876648478432,0
-0.00189903814751627,-0.00584319430005005,0
-0.00187024317232551,-0.00575459437638619,0
-0.00178405837090547,-0.00548941037201682,0
-0.00173526823238453,-0.00533928686887549,0
-0.00172900563595594,-0.00532001734140288,0
-0.00178488419431338,-0.00549195136711808,0
-0.00172197594210907,-0.00529838751418174,0
-0.00168302211810756,-0.0051785295941771,0
-0.00162443874302534,-0.00499827305546257,0
-0.00168809928345895,-0.00519415164141217,0
-0.00161223398340916,-0.00496071994895127,0
-0.00154283791427514,-0.00474719358238504,0
-0.00155049176920743,-0.00477074390525364,0
-0.00151574353569012,-0.00466382626366192,0
-0.00148330696248829,-0.00456402142304088,0
-0.00154835662444341,-0.00476417422905665,0
-0.00157584916890344,-0.00484876667354904,0
-0.00156176511705095,-0.00480543112938752,0
-0.00155097328993248,-0.00477222550748456,0
-0.00156460580013078,-0.00481417169271008,0
-0.00149499647722061,-0.00459998916067881,0
-0.00153158187772177,-0.0047125596237593,0
-0.00152465902919304,-0.00469125855136319,0
-0.00139869965108646,-0.0043036912341122,0
-0.00137017341991916,-0.00421591821513589,0
-0.00131865084091199,-0.00405738720280611,0
-0.00131711560777463,-0.00405266340853732,0
-0.00130521711351442,-0.00401605265696744,0
-0.00126568409781121,-0.00389441260864986,0
-0.00128645096364141,-0.0039583106573582,0
-0.00130876652327982,-0.00402697391778407,0
-0.00129304312394479,-0.00397859422752243,0
-0.00129299336255012,-0.00397844111553882,0
-0.0012883150017497,-0.00396404615922985,0
-0.00128134010858594,-0.00394258494949521,0
-0.00128023348046685,-0.00393917993989799,0
-0.00121328802850198,-0.00373319393385224,0
-0.00115600191794625,-0.00355692897829617,0
-0.00114923492222165,-0.0035361074529897,0
-0.00118624609260034,-0.00364998797723181,0
-0.00116420842769825,-0.00358217977753307,0
-0.00110619720243687,-0.00340368369980576,0
-0.00114568680180176,-0.00352519015939003,0
-0.00114468742010935,-0.003522115138798,0
-0.001196243349404,-0.00368074876739694,0
-0.00112983795221656,-0.00347642446835863,0
-0.00109469991458279,-0.0033683074294855,0
-0.00105646950870562,-0.00325067541140191,0
-0.00108409859791325,-0.00333568799357924,0
-0.00111153014604955,-0.00342009275707555,0
-0.00103040520965495,-0.00317047756816907,0
-0.00100703390760271,-0.0030985658695468,0
-0.00106349719800406,-0.00327229907078173,0
-0.00102893521451901,-0.00316595450621235,0
-0.000983034143273829,-0.00302472044084255,0
-0.00100465073552433,-0.00309123303238255,0
-0.00104150599614432,-0.0032046338342902,0
-0.000962315753739431,-0.00296097154996748,0
-0.000946453207601877,-0.00291216371569808,0
-0.0009365013091368,-0.00288154248965169,0
-0.000886429861120357,-0.00272747649575494,0
-0.000856533000643207,-0.00263548615582525,0
-0.00088992543076552,-0.00273823209466314,0
-0.0008695028079863,-0.00267539325534246,0
-0.000800581676974432,-0.00246332823684441,0
-0.000830165941070845,-0.00255435674175645,0
-0.000745423092762587,-0.00229360951619257,0
-0.00078854775976966,-0.00242630079929126,0
-0.000809868676944221,-0.00249190362136683,0
-0.000819578660841564,-0.00252178049489712,0
-0.000840323885435048,-0.00258561195518476,0
-0.000840965342366275,-0.00258758566881931,0
-0.00087313091380083,-0.00268655665784871,0
-0.000886479861362131,-0.00272763034265271,0
-0.000992414867466861,-0.00305358420759034,0
-0.00100601185335763,-0.00309542108725425,0
-0.00100934040033934,-0.00310566277027488,0
-0.00105408529829104,-0.00324333937935704,0
-0.00109251507125714,-0.00336158483463735,0
-0.0011624310513783,-0.00357671092731786,0
-0.00116319490223163,-0.00357906123763578,0
-0.00113993787519151,-0.00350750115443541,0
-0.00108499689297941,-0.00333845197839818,0
-0.00115514284798645,-0.00355428568611216,0
-0.00116292627420871,-0.00357823468987294,0
-0.00114395618578682,-0.00351986518703638,0
-0.00114729736882563,-0.0035301457502327,0
-0.00121452043900943,-0.00373698596618286,0
-0.00120662864800869,-0.00371270353233443,0
-0.00119562043929991,-0.0036788321209228,0
-0.00117700004823372,-0.00362153860994991,0
-0.00120251548455445,-0.00370004764478294,0
-0.00124452129413209,-0.0038292962896372,0
-0.00122102713455339,-0.00375700656785657,0
-0.00120506398958438,-0.00370788919872117,0
-0.00119779524338046,-0.00368552382578603,0
-0.001216369620807,-0.00374267575632922,0
-0.00125958167755123,-0.00387563593092687,0
-0.00121405961359366,-0.00373556804182663,0
-0.00128500008827751,-0.00395384642546925,0
-0.00132150947340386,-0.0040661829950888,0
-0.00129238883432455,-0.00397658102869091,0
-0.00129967823538017,-0.0039990099550159,0
-0.00144509066045693,-0.00444643280140595,0
-0.00148236363412494,-0.00456111887423057,0
-0.00154162242297819,-0.00474345360916367,0
-0.0015555882076946,-0.00478642525444492,0
-0.0015437368278427,-0.00474995947028522,0
-0.00152824917966527,-0.00470230516820082,0
-0.00149897067811352,-0.00461221747111852,0
-0.00151887657968851,-0.00467346639904157,0
-0.00148658812346331,-0.00457411730296402,0
-0.00153157354874766,-0.00471253399614663,0
-0.00146892322956199,-0.00451976378326767,0
-0.00147277664526786,-0.00453162044697804,0
-0.00140289212292356,-0.00431659114745711,0
-0.00150674697329164,-0.00463614453320504,0
-0.00159543045954589,-0.00490901679860275,0
-0.0016857022080292,-0.00518677602470524,0
-0.00165988437594151,-0.00510733654135851,0
-0.00165658820383615,-0.005097194473342,0
-0.0016948735309695,-0.00521499547990614,0
-0.00173738411957794,-0.00534579729100903,0
-0.00169011412467579,-0.00520035115284859,0
-0.0017824499207859,-0.00548446129472585,0
-0.00183592395668238,-0.00564899678979192,0
-0.00185051695278783,-0.00569389831627024,0
-0.00185382140063467,-0.00570406584810667,0
-0.0018854435936358,-0.00580136490349476,0
-0.00193017838775279,-0.00593901042385475,0
-0.00189757671866044,-0.00583869759587827,0
-0.00186154233295383,-0.00572782256293485,0
-0.0018832082703479,-0.00579448698568585,0
-0.00186522226261992,-0.0057391454234459,0
-0.00187398300271497,-0.00576610154681529,0
-0.00190187024444759,-0.00585190844445413,0
-0.00198369324973255,-0.00610367153763862,0
-0.00200311827234341,-0.00616344083797971,0
-0.00209247379654177,-0.00643838091243621,0
-0.00215070030824383,-0.006617539409981,0
-0.00220685114575094,-0.00679031121769519,0
-0.00231715807876031,-0.00712971716541633,0
-0.00227136816122664,-0.00698882511146659,0
-0.00228568715769869,-0.0070328835621498,0
-0.00224286704967667,-0.00690112938362053,0
-0.00229834374157277,-0.007071826897147,0
-0.00232018444303739,-0.00713902905549965,0
-0.00235187033993563,-0.00723652412287887,0
-0.00236813195977028,-0.00728655987621624,0
-0.00237055764573612,-0.0072940235253419,0
-0.00243626386596153,-0.00749619651065086,0
-0.00247555484678995,-0.00761709183627678,0
-0.0026038048649194,-0.00801170727667509,0
-0.00263682530041637,-0.00811330861666576,0
-0.00267688387618205,-0.00823656577286784,0
-0.00266804202241857,-0.0082093600689802,0
-0.00267608592148528,-0.00823411052764702,0
-0.00266478588723344,-0.00819934119148751,0
-0.00274516945568243,-0.00844667524825364,0
-0.00273265376772004,-0.00840816543913859,0
-0.00275528221832596,-0.00847779144100295,0
-0.00280307281430861,-0.00862483942864187,0
-0.00283843314074087,-0.00873364043304883,0
-0.00282906965391811,-0.00870482970436341,0
-0.00277858672604033,-0.00854949761858564,0
-0.00272763074885294,-0.00839270999647058,0
-0.00275833900191699,-0.00848719692897535,0
-0.0027218602997364,-0.00837495476841968,0
-0.00271029967030443,-0.00833938360093671,0
-0.00273255339406717,-0.00840785659712975,0
-0.00278360154959958,-0.00856492784492178,0
-0.00276211816483143,-0.00849882512255825,0
-0.0027926869385502,-0.00859288288784677,0
-0.00279597747106126,-0.00860300760326541,0
-0.00273710271835736,-0.00842185451802264,0
-0.00274421832209042,-0.00844374868335514,0
-0.0027787665337609,-0.00855005087311046,0
-0.00269276956104957,-0.00828544480322944,0
-0.00277285861263687,-0.00853187265426729,0
-0.00275511419435159,-0.00847727444415874,0
-0.0028035403815744,-0.00862627809715199,0
-0.00283844365264385,-0.0087336727773657,0
-0.00291978863601265,-0.00898396503388508,0
-0.0029810219147997,-0.00917237512246063,0
-0.00291486463303208,-0.00896881425548333,0
-0.00291107762797403,-0.00895716193222779,0
-0.00291097343019162,-0.00895684132366651,0
-0.00290443225407331,-0.00893671462791788,0
-0.00301763411061153,-0.00928502803265087,0
-0.00309547666693752,-0.00952454359057697,0
-0.00312291771179995,-0.00960897757476908,0
-0.00317006191312851,-0.00975403665578003,0
-0.00316638669831642,-0.00974272830251207,0
-0.00317044269327509,-0.00975520828700027,0
-0.00311661809178792,-0.0095895941285782,0
-0.0031989669013985,-0.00984297508122614,0
-0.00318675631210423,-0.00980540403724378,0
-0.00311884207674309,-0.0095964371592095,0
-0.00314804632344244,-0.00968629637982289,0
-0.00309506074528687,-0.00952326383165191,0
-0.00299574045554181,-0.00921766294012863,0
-0.00302916935746889,-0.00932052109990428,0
-0.00309455488229674,-0.0095217073301438,0
-0.00310257875642629,-0.00954639617361937,0
-0.00312056126123237,-0.00960172695763805,0
-0.00319397083834947,-0.00982760257953683,0
-0.00321040495450389,-0.0098781690907812,0
-0.00315761924909781,-0.00971575153568558,0
-0.00317543337847668,-0.00977056424146669,0
-0.00314780545597908,-0.00968555524916641,0
-0.0032306073257063,-0.00994033023294246,0
-0.00315301358463312,-0.00970158026040961,0
-0.00315102920298922,-0.00969547447073608,0
-0.0032533291706387,-0.0100102436019652,0
-0.0032745793400702,-0.0100756287386775,0
-0.00331074532545469,-0.0101869086937067,0
-0.00333054558889049,-0.0102478325812015,0
-0.0032888176472825,-0.0101194389147154,0
-0.00326631024397726,-0.0100501853660839,0
-0.00330205988866087,-0.0101601842728027,0
-0.00327786912367951,-0.0100857511497831,0
-0.0033003256509214,-0.0101548481566812,0
-0.00327377202155411,-0.010073144681705,0
-0.00335625342840056,-0.0103269336258479,0
-0.00324745814695286,-0.0099921789137011,0
-0.00327735290756889,-0.0100841627925197,0
-0.00333086963938974,-0.0102488296596607,0
-0.00328168607155205,-0.0100974956047755,0
-0.00331422888907582,-0.0101976273510025,0
-0.00325743434102983,-0.0100228748954764,0
-0.00335768136191963,-0.010331327267445,0
-0.00344245949655754,-0.0105921830663309,0
-0.0034064723716969,-0.0104814534513751,0
-0.0033697676204682,-0.0103685157552868,0
-0.00347619609804934,-0.010695987993998,0
-0.00351571114579345,-0.0108175727562875,0
-0.00347414058825825,-0.0106896633484869,0
-0.00356674022042521,-0.010974585293616,0
-0.00358384367902927,-0.0110272113200901,0
-0.00355676863369996,-0.0109439034883076,0
-0.0035485066094661,-0.0109184818752803,0
-0.00358607199295297,-0.0110340676706245,0
-0.00356293671785935,-0.010962882208798,0
-0.0036126662396061,-0.0111158961218649,0
-0.00360295377033231,-0.0110860116010225,0
-0.00369439860826232,-0.0113673803331148,0
-0.00371189591563406,-0.0114212182019509,0
-0.00375109798392866,-0.0115418399505497,0
-0.00380961319584457,-0.0117218867564448,0
-0.00378741660928524,-0.0116535895670315,0
-0.00377562059382997,-0.0116172941348614,0
-0.00382300883556815,-0.0117631041094405,0
-0.00385968132268081,-0.0118759425313256,0
-0.00386481048555039,-0.0118917245709243,0
-0.00389582909094428,-0.0119871664336747,0
-0.00390594951930752,-0.0120183062132539,0
-0.00394712521503876,-0.0121450006616577,0
-0.00394025330891655,-0.0121238563351278,0
-0.00395460246914819,-0.012168007597379,0
-0.00407448221034687,-0.0125368683395288,0
-0.00413356752990658,-0.0127186693227895,0
-0.00417002346127064,-0.0128308414192943,0
-0.0042463806312949,-0.0130657865578304,0
-0.00433540802826028,-0.0133397170100316,0
-0.00436511856734105,-0.0134311340533571,0
-0.00447718686994373,-0.0137759595998269,0
-0.0044467817114487,-0.013682405265996,0
-0.00452096116880532,-0.0139106497501702,0
-0.00454488282550318,-0.0139842548477021,0
-0.0046600642244154,-0.0143386591520474,0
-0.00464835575185332,-0.0143026330826256,0
-0.00470182788510183,-0.0144671627233903,0
-0.00470982773329859,-0.0144917776409187,0
-0.00486042293052985,-0.0149551474785534,0
-0.00492497081912754,-0.0151537563665463,0
-0.0049891997761769,-0.0153513839266981,0
-0.00507277032304349,-0.015608524070903,0
-0.00510684949588236,-0.0157133830642534,0
-0.00509478728487009,-0.015676268568831,0
-0.00512147511612611,-0.0157583849726957,0
-0.00510407053311471,-0.0157048324095837,0
-0.00519215558795188,-0.0159758633475443,0
-0.0052330582278611,-0.016101717624188,0
-0.00524819301378965,-0.0161482861962758,0
-0.00526272201521481,-0.0161929908160456,0
-0.00525076996350444,-0.0161562152723214,0
-0.00529944728566589,-0.0163059916482027,0
-0.00529235153230912,-0.0162841585609511,0
-0.00538684310538896,-0.0165749018627353,0
-0.00538237038959455,-0.0165611396602909,0
-0.00546026634014072,-0.0168008195081253,0
-0.00555665328768539,-0.0170973947313397,0
-0.00555408020008328,-0.0170894775387178,0
-0.00548178921163734,-0.0168670437281149,0
-0.00545654690958883,-0.0167893751064272,0
-0.00553242978180846,-0.017022860867103,0
-0.00560392717759396,-0.0172428528541353,0
-0.00563045105342243,-0.0173244647797613,0
-0.005678099299336,-0.0174710747671877,0
