"source","sha256"
"DESCRIPTION","68b59b621a14f4c542574c12a0be4d6735fe99e0e4d5a488eac3a7bfd8180212"
"NAMESPACE","6a8193d2ed841e6e533791b434d7743a616e9f6474d8c94c67aae3e3c91d0e04"
"R/aci-package.R","54fd6b6c53b90dc840950d3e78f6baac6bb3e4b3632704d93204d6b760887556"
"R/api_documentation.R","2f332f727f2b027a3416ddf29e2e1200ab8f17d4a2590e09f34d5f7834efc900"
"R/applied_workflows.R","6e6b9374a535a0622c2912e8e77bdf090f5501c51e1fcce712172de88b477509"
"R/assimilation.R","5726621b936f3daa7bc3941aaab4cfc93252c01fb130dbe60126ac9eb2d89443"
"R/benchmark_models.R","d6e1603ad4c70cde704944274f0abe563c5a9d3a2ccd047e47722d4d1fcfa981"
"R/causal_metrics.R","014ebed8848d5c0b26b3ae2320fbfa7189744df780ba8cf9973cd137407663b8"
"R/compiled_cir.R","46f2c512c78b078f8673be6e7010d7b580fadc70ea6151536bf073f2bcaf720a"
"R/compiled_conditioning.R","56a851f0098c81bdbe3fe2215896277654862f670f2401d82a79045516134750"
"R/compiled_lag.R","df0e862db1edcb2e5c0e640657401cb1fda5874cfedee754eb28f508c2dd6cb8"
"R/compiled_matrix.R","6765196410cb5495a05cc3dfed62310969cab2dff2c4ae371fb072e29387f9f2"
"R/compiled_scalar.R","25409feb540e9deb4623ac2527102ba4c5c2adf7eb43a0ec5871fd313435f247"
"R/discovery.R","4e91560434381d1d851165445faef64a662e7b9db9a7fd80feeae98e8ed1e0c5"
"R/ensemble.R","f29c5186eee9524a0cbb1bc0142e048e7c24e74ab46e5b383560b0d391b5567a"
"R/extremes.R","5d3c0a02dd7338c232110b1a318b429aae8f9d7b9ad48f5ed5244c379eead473"
"R/formula_interface.R","6a0fc5876c3630a6c0090e2e4b7589948ca20496ad312e70b669000a9b45d97e"
"R/model_classes.R","4189f181b9acb75e33f13472fcc92f1df5797830007db9cfb5a7fb7010dc17ed"
"R/utils.R","a1bb08a21b1c6cbf9ff113d86b6119ceae13a663255638ae543ca874d25b9304"
"R/validation_diagnostics.R","265e591ba3c47a2c9618816cfd2b37c131f4dfaa04f2927ed9e80b965839478a"
"benchmarks/scalar-dyad.R","2cdfba98a47cabfa9d948b8ba9133b60c89df45d7442398a70b21ccc8b130959"
"benchmarks/README.md","faeaf48728f778967f87898d121e33277990e2e8f0f91fa795fa2d1a3e95f09f"
"benchmarks/DECISION.md","908bc7ca33890413866f94b108fd697eac56ccff332fdaff9422cc96201c0266"
