t,online_mean,online_cov
0,0.207924208638319,0.0991342878982528
0.002,0.0711677395404181,0.0989542985790271
0.004,0.10215416343326,0.0987747936999879
0.006,0.0795700724399871,0.098595773394642
0.008,0.205489932464356,0.0984172378258262
0.01,0.136183359120073,0.0982391871850126
0.012,0.0159583615679779,0.0980616216916198
0.014,0.0209737681481759,0.0978845415923296
0.016,-0.0368088203804899,0.0977079471604095
0.018,-0.0317564287589855,0.0975318386950412
0.02,-0.0534440278482515,0.0973562165206546
0.022,-0.119075659821968,0.097181080986268
0.024,-0.243760321482161,0.0970064324648334
0.026,-0.222970687600593,0.0968322713525884
0.028,-0.346812538264157,0.096658598068414
0.03,-0.304889786333906,0.0964854130531976
0.032,-0.247857280932648,0.0963127167692029
0.034,-0.210007258009675,0.0961405096994448
0.036,-0.249259883418107,0.0959687923470711
0.038,-0.219669187438882,0.09579756523475
0.04,-0.289835082631996,0.0956268289040629
0.042,-0.422437610004066,0.0954565839149047
0.044,-0.318924444554121,0.0952868308448884
0.046,-0.263018402259202,0.0951175702887576
0.048,-0.241171967118383,0.0949488028578035
0.05,-0.340074340344845,0.0947805291792893
0.052,-0.182636153307248,0.0946127498958797
0.054,-0.112587776038997,0.0944454656650772
0.056,-0.0544494080510514,0.0942786771586647
0.058,0.0965976751651296,0.0941123850621532
0.06,0.0288747201726323,0.0939465900742375
0.062,0.0258084074952266,0.093781292906256
0.064,-0.117133921226297,0.0936164942816584
0.066,-0.148729569872479,0.0934521949354789
0.068,-0.167542802451195,0.0932883956138156
0.07,-0.157520348674573,0.0931250970733165
0.072,-0.191568189997034,0.092962300080671
0.074,-0.283306236964887,0.0928000054121086
0.076,-0.290921152043411,0.0926382138529035
0.078,-0.269482872121924,0.092476926196885
0.08,-0.271913181615156,0.0923161432459549
0.082,-0.348303749326366,0.0921558658096104
0.084,-0.314401843625039,0.0919960947044742
0.086,-0.312040984788627,0.0918368307538298
0.088,-0.247843921104297,0.0916780747871642
0.09,-0.119089736215135,0.0915198276397157
0.092,-0.126351490860452,0.0913620901520291
0.094,-0.163189957705624,0.0912048631695162
0.096,-0.197944932195414,0.0910481475420233
0.098,-0.182459995097218,0.0908919441234042
0.1,-0.281452254374913,0.0907362537711004
0.102,-0.279022864215591,0.0905810773457267
0.104,-0.354580142811275,0.0904264157106634
0.106,-0.245404299654584,0.0902722697316545
0.108,-0.131117413040766,0.0901186402764128
0.11,-0.201567639453203,0.0899655282142298
0.112,-0.297890181493544,0.0898129344155938
0.114,-0.224181754905492,0.0896608597518121
0.116,-0.16091836383974,0.0895093050946408
0.118,-0.197754697868345,0.08935827131592
0.12,-0.243396605265225,0.0892077592872155
0.122,-0.362567015845812,0.0890577698794667
0.124,-0.482229271411443,0.0889083039626401
0.126,-0.529043462388078,0.0887593624053892
0.128,-0.450705092269661,0.0886109460747208
0.13,-0.609221352344854,0.0884630558356664
0.132,-0.63667514150258,0.088315692550961
0.134,-0.446496869044419,0.0881688570807262
0.136,-0.551836021634422,0.0880225502821608
0.138,-0.524294603879845,0.0878767730092367
0.14,-0.475502633629791,0.0877315261124004
0.142,-0.530249983460841,0.0875868104382808
0.144,-0.556537813216089,0.0874426268294034
0.146,-0.511421941401161,0.0872989761239092
0.148,-0.587785389070819,0.08715585915528
0.15,-0.607291912422331,0.0870132767520698
0.152,-0.591027313702538,0.0868712297376412
0.154,-0.574447784281691,0.0867297189299088
0.156,-0.529425575381905,0.0865887451410864
0.158,-0.417559844204781,0.0864483091774418
0.16,-0.398240432544744,0.0863084118390559
0.162,-0.426614641491851,0.0861690539195882
0.164,-0.457561138151991,0.0860302362060471
0.166,-0.526864559224739,0.0858919594785669
0.168,-0.453751795663072,0.0857542245101886
0.17,-0.310729265709954,0.0856170320666483
0.172,-0.264771730879354,0.0854803829061686
0.174,-0.297271362310309,0.0853442777792577
0.176,-0.433078881732428,0.0852087174285124
0.178,-0.436093843362831,0.0850737025884266
0.18,-0.411938224656532,0.0849392339852057
0.182,-0.34225658014059,0.0848053123365852
0.184,-0.311045736205027,0.0846719383516557
0.186,-0.213502383330922,0.0845391127306923
0.188,-0.227754897405499,0.084406836164989
0.19,-0.221320436130588,0.0842751093366987
0.192,-0.249479163346248,0.0841439329186777
0.194,-0.278078295034474,0.0840133075743354
0.196,-0.409754191678743,0.0838832339574891
0.198,-0.369485197556941,0.0837537127122238
0.2,-0.29559907505739,0.0836247444727557
0.202,-0.278718969642007,0.0834963298633023
0.204,-0.215421095234265,0.083368469497956
0.206,-0.184512435863508,0.0832411639805624
0.208,-0.109308804946904,0.0831144139046038
0.21,-0.158347127717163,0.0829882198530877
0.212,-0.267878065371754,0.0828625823984381
0.214,-0.343848946464704,0.0827375021023935
0.216,-0.302071574833336,0.0826129795159078
0.218,-0.35750106740658,0.0824890151790564
0.22,-0.255713037572942,0.0823656096209464
0.222,-0.121260720967477,0.0822427633596312
0.224,-0.187437077984533,0.082120476902029
0.226,-0.150849278764297,0.0819987507438464
0.228,-0.0826496992515335,0.0818775853695054
0.23,-0.0467323982268759,0.0817569812520746
0.232,0.0390077381723029,0.0816369388532048
0.234,-0.0467669047073521,0.0815174586230685
0.236,-0.132728127434999,0.0813985410003028
0.238,0.000667580188988111,0.0812801864119579
0.24,0.0359666869944511,0.0811623952734468
0.242,-0.0829411325048889,0.0810451679885015
0.244,-0.123692315441268,0.0809285049491314
0.246,-0.247289554444458,0.0808124065355855
0.248,-0.334139868629806,0.080696873116319
0.25,-0.345083404942453,0.0805819050479627
0.252,-0.368471006541033,0.0804675026752968
0.254,-0.399830180353205,0.0803536663312271
0.256,-0.42848141302125,0.0802403963367658
0.258,-0.372800558816455,0.0801276930010149
0.26,-0.392445513597059,0.0800155566211534
0.262,-0.483249314212046,0.0799039874824274
0.264,-0.405478372983596,0.0797929858581439
0.266,-0.509046920152095,0.0796825520096672
0.268,-0.484355837850462,0.0795726861864193
0.27,-0.511846486242568,0.0794633886258825
0.272,-0.511654840297527,0.0793546595536056
0.274,-0.539572477805262,0.0792464991832126
0.276,-0.620561164608421,0.079138907716415
0.278,-0.46490500815139,0.0790318853430263
0.28,-0.423149452516318,0.0789254322409798
0.282,-0.517554606768928,0.078819548576349
0.284,-0.572478115475772,0.0787142345033705
0.286,-0.585493379584678,0.0786094901644701
0.288,-0.484674195127502,0.0785053156902908
0.29,-0.436013587347138,0.0784017111997242
0.292,-0.391552087967293,0.0782986767999439
0.294,-0.447479247032573,0.0781962125864411
0.296,-0.37316322368366,0.0780943186430632
0.298,-0.279865455127234,0.077992995042055
0.3,-0.366592556353494,0.0778922418441006
0.302,-0.344550365606733,0.0777920590983699
0.304,-0.387738005665759,0.0776924468425654
0.306,-0.347667240595341,0.0775934051029722
0.308,-0.313189469619496,0.0774949338945095
0.31,-0.363019689200327,0.0773970332207849
0.312,-0.237861742143371,0.0772997030741497
0.314,-0.33739996292173,0.0772029434357574
0.316,-0.411142173468544,0.0771067542756228
0.318,-0.387514794871678,0.0770111355526842
0.32,-0.445831269781686,0.0769160872148665
0.322,-0.333840716280069,0.0768216091991465
0.324,-0.273200279304541,0.0767277014316197
0.326,-0.315397033521931,0.0766343638275696
0.328,-0.231172240603127,0.076541596291537
0.33,-0.189711913914713,0.0764493987173926
0.332,-0.243702346688573,0.07635777098841
0.334,-0.251021829778132,0.076266712977341
0.336,-0.191149677748448,0.0761762245464912
0.338,-0.275586375841271,0.0760863055477987
0.34,-0.263490550057637,0.0759969558229126
0.342,-0.22918181326855,0.0759081752032733
0.344,-0.153710579415687,0.075819963510195
0.346,-0.0443096779651128,0.0757323205549477
0.348,-0.0174666336506084,0.0756452461388417
0.35,0.089267486812296,0.0755587400533134
0.352,0.180435351920598,0.0754728020800107
0.354,0.145320682001682,0.0753874319908811
0.356,0.0914792034311325,0.07530262954826
0.358,0.138793000742718,0.07521839450496
0.36,0.135830631451067,0.0751347266043614
0.362,0.0793956495199997,0.0750516255805035
0.364,-0.0335323433811536,0.0749690911581766
0.366,0.00410750412425591,0.074887123053015
0.368,-0.0185893310826126,0.0748057209715907
0.37,0.00190366719647118,0.074724884611508
0.372,0.00492710282096218,0.0746446136614985
0.374,-0.0981668190070957,0.0745649078015169
0.376,-0.0602316780613884,0.0744857667028379
0.378,-0.167177807208033,0.0744071900281525
0.38,-0.0753993860368278,0.0743291774316664
0.382,-0.136880213226733,0.0742517285591976
0.384,-0.158211620310963,0.0741748430482751
0.386,-0.0191057564433202,0.0740985205282383
0.388,0.169338307350966,0.0740227606203362
0.39,0.176327960309185,0.0739475629378272
0.392,0.199774518489035,0.0738729270860795
0.394,0.0202141577941671,0.0737988526626717
0.396,0.0872513477719718,0.0737253392574933
0.398,0.155291442149104,0.0736523864528461
0.4,0.195913074143676,0.0735799938235452
0.402,0.309613925022875,0.0735081609370209
0.404,0.282379293190424,0.0734368873534198
0.406,0.244621845832226,0.0733661726257067
0.408,0.309947682351959,0.0732960162997669
0.41,0.355257578536873,0.0732264179145076
0.412,0.387031060671136,0.0731573770019599
0.414,0.410386243338446,0.0730888930873813
0.416,0.311417852538481,0.0730209656893567
0.418,0.28998264883263,0.0729535943199014
0.42,0.409471769638343,0.0728867784845623
0.422,0.436725310859163,0.0728205176825194
0.424,0.395567198676606,0.072754811406688
0.426,0.318796224150389,0.07268965914382
0.428,0.221766585038681,0.0726250603746049
0.43,0.221871557944401,0.0725610145737711
0.432,0.185717024360864,0.0724975212101867
0.434,0.249282366623745,0.0724345797469601
0.436,0.403391690764389,0.0723721896415407
0.438,0.484769922644409,0.072310350345818
0.44,0.567708082471762,0.0722490613062222
0.442,0.637703261791203,0.0721883219638234
0.444,0.611712949446041,0.0721281317544302
0.446,0.645444116461771,0.0720684901086888
0.448,0.559124997338287,0.0720093964521809
0.45,0.492938400605428,0.0719508502055216
0.452,0.464468628712378,0.071892850784457
0.454,0.4191964165122,0.0718353975999605
0.456,0.350913032337825,0.0717784900583297
0.458,0.396789893620666,0.0717221275612822
0.46,0.490029107057274,0.0716663095060508
0.462,0.539197943455095,0.0716110352854783
0.464,0.595056045783937,0.0715563042881123
0.466,0.573005019736831,0.0715021158982979
0.468,0.658504328539083,0.071448469496272
0.47,0.713054462567703,0.0713953644582547
0.472,0.758381611749667,0.0713428001565419
0.474,0.610144646426866,0.0712907759595963
0.476,0.623120290141899,0.0712392912321379
0.478,0.679470142146441,0.0711883453352338
0.48,0.526090930393791,0.071137937626388
0.482,0.477332065686722,0.071088067459629
0.484,0.472597234673693,0.0710387341855984
0.486,0.481652237646429,0.0709899371516378
0.488,0.391169783035599,0.0709416757018747
0.49,0.379866335823327,0.0708939491773087
0.492,0.36807848371977,0.0708467569158958
0.494,0.393719367167656,0.0708000982526329
0.496,0.419081299532922,0.0707539725196409
0.498,0.488949152403518,0.0707083790462467
0.5,0.546225641991185,0.0706633171590659
0.502,0.559749909366306,0.0706187861820824
0.504,0.448907347346401,0.0705747854367295
0.506,0.397576859676833,0.0705313142419681
0.508,0.442748222129155,0.0704883719143657
0.51,0.489439910909502,0.0704459577681738
0.512,0.413663767230472,0.070404071115404
0.514,0.313076157123285,0.0703627112659041
0.516,0.451948158425284,0.0703218775274328
0.518,0.547199328646983,0.0702815692057337
0.52,0.592061000493441,0.070241785604608
0.522,0.61084318395241,0.0702025260259874
0.524,0.646794879124405,0.0701637897700042
0.526,0.592369582642421,0.0701255761350625
0.528,0.514114689093924,0.070087884417907
0.53,0.579422487286929,0.0700507139136914
0.532,0.609902892394617,0.0700140639160466
0.534,0.630285557693406,0.0699779337171461
0.536,0.651796213778007,0.0699423226077723
0.538,0.709414572835203,0.0699072298773809
0.54,0.735917554598483,0.0698726548141647
0.542,0.785143431223405,0.0698385967051158
0.544,0.838276987985946,0.0698050548360879
0.546,0.804602687892576,0.0697720284918564
0.548,0.838206830561067,0.0697395169561787
0.55,0.76481154904505,0.0697075195118525
0.552,0.789984340949826,0.0696760354407739
0.554,0.723206809682357,0.0696450640239939
0.556,0.735089876630117,0.0696146045417743
0.558,0.670183893361945,0.0695846562736424
0.56,0.622723142390345,0.0695552184984449
0.562,0.590997578056693,0.0695262904944004
0.564,0.679948687552002,0.0694978715391514
0.566,0.783739425582502,0.069469960909815
0.568,0.767680287354192,0.0694425578830324
0.57,0.8759263734403,0.069415661735018
0.572,0.721380888740833,0.0693892717416069
0.574,0.642385911408121,0.0693633871783014
0.576,0.676856116909469,0.0693380073203171
0.578,0.642850703865455,0.0693131314426272
0.58,0.529164621125567,0.0692887588200063
0.582,0.530601027256593,0.069264888727073
0.584,0.68679178305381,0.0692415204383314
0.586,0.820573935338431,0.0692186532282118
0.588,0.824957101531521,0.0691962863711103
0.59,0.745563757887007,0.0691744191414272
0.592,0.800414996244839,0.0691530508136045
0.594,0.95273824664017,0.0691321806621623
0.596,0.944597842587183,0.0691118079617349
0.598,0.966303109325258,0.0690919319871045
0.6,0.901986679563214,0.0690725520132349
0.602,1.03809912646778,0.0690536673153039
0.604,0.959124843142112,0.069035277168735
0.606,1.01693859753671,0.0690173808492276
0.608,1.05010345744996,0.0689999776327859
0.61,1.09079779620548,0.0689830667957482
0.612,1.11162214825678,0.0689666476148135
0.614,0.96327566043594,0.0689507193670678
0.616,1.0317454701711,0.0689352813300104
0.618,1.00284924612115,0.0689203327815771
0.62,1.05959103961927,0.068905873000164
0.622,0.898802899205546,0.0688919012646499
0.624,0.774454086651749,0.0688784168544176
0.626,0.982932111646962,0.0688654190493739
0.628,0.987674624030272,0.0688529071299695
0.63,1.09576219456865,0.0688408803772167
0.632,0.989545939587603,0.0688293380727073
0.634,1.01475359972598,0.0688182794986286
0.636,1.00671708632623,0.0688077039377789
0.638,0.912063417368918,0.068797610673582
0.64,0.906359042945339,0.0687879989901004
0.642,0.795474170664251,0.0687788681720476
0.644,0.864366252586748,0.0687702175048002
0.646,0.731734122155475,0.0687620462744077
0.648,0.70644760833216,0.0687543537676022
0.65,0.705747575005046,0.0687471392718075
0.652,0.72054165478042,0.0687404020751456
0.654,0.827892461421103,0.0687341414664446
0.656,0.977805925729628,0.0687283567352432
0.658,0.991584906548439,0.0687230471717964
0.66,0.973832837526776,0.0687182120670787
0.662,0.970197304196157,0.0687138507127869
0.664,0.816698743852729,0.0687099624013426
0.666,1.02164508254737,0.0687065464258925
0.668,0.959749061433684,0.0687036020803087
0.67,0.937223055307583,0.0687011286591879
0.672,0.904362768740941,0.0686991254578493
0.674,0.857349974695802,0.0686975917723321
0.676,0.832453528444853,0.0686965268993917
0.678,0.754724387901091,0.0686959301364952
0.68,0.684031802349938,0.0686958007818158
0.682,0.816571883065064,0.0686961381342264
0.684,0.65110857722531,0.0686969414932924
0.686,0.554039905741295,0.0686982101592637
0.688,0.447002433563917,0.0686999434330648
0.69,0.430665391645308,0.0687021406162858
0.692,0.541485442352319,0.0687048010111711
0.694,0.479956251741248,0.0687079239206073
0.696,0.419750808062835,0.0687115086481113
0.698,0.386094287044947,0.0687155544978162
0.7,0.424595259577359,0.0687200607744571
0.702,0.530821814925478,0.068725026783356
0.704,0.523465707750493,0.0687304518304054
0.706,0.450542004404232,0.0687363352220518
0.708,0.508064944239559,0.0687426762652774
0.71,0.356632335348673,0.0687494742675818
0.712,0.195059972567236,0.0687567285369622
0.714,0.292222800855272,0.0687644383818934
0.716,0.391489151415744,0.0687726031113062
0.718,0.472496942360303,0.0687812220345659
0.72,0.435468539842315,0.068790294461449
0.722,0.423501429634034,0.0687998197021198
0.724,0.380530224204023,0.0688097970671058
0.726,0.347653360786991,0.0688202258672727
0.728,0.372200184834706,0.0688311054137979
0.73,0.36428249968753,0.0688424350181436
0.732,0.348344126919986,0.0688542139920299
0.734,0.250867038289692,0.0688664416474049
0.736,0.250179999095097,0.0688791172964167
0.738,0.365527165774347,0.0688922402513828
0.74,0.359533127289831,0.0689058098247591
0.742,0.335285948069189,0.0689198253291087
0.744,0.319741193226581,0.0689342860770687
0.746,0.300484182376887,0.0689491913813183
0.748,0.317770376754352,0.0689645405545437
0.75,0.275404851687127,0.0689803329094037
0.752,0.286156884570115,0.0689965677584946
0.754,0.317137501785325,0.0690132444143137
0.756,0.376841476913483,0.0690303621892225
0.758,0.420286093730738,0.0690479203954087
0.76,0.330975911506952,0.0690659183448482
0.762,0.354096564632621,0.0690843553492657
0.764,0.274462002262591,0.0691032307200946
0.766,0.200110065997913,0.0691225437684369
0.768,0.117270092140612,0.0691422938050214
0.77,0.0353377609264756,0.0691624801401619
0.772,0.0562886831685981,0.0691831020837144
0.774,0.111928732285516,0.0692041589450336
0.776,0.0903960651475333,0.0692256500329286
0.778,-0.090209631995636,0.0692475746556183
0.78,-0.1839290619073,0.0692699321206856
0.782,-0.251123680787651,0.0692927217350314
0.784,-0.253924834729006,0.0693159428048273
0.786,-0.212854098015284,0.0693395946354685
0.788,-0.265457840134446,0.0693636765315252
0.79,-0.259033232246664,0.0693881877966934
0.792,-0.23872983019644,0.0694131277337458
0.794,-0.222232149354914,0.0694384956444812
0.796,-0.229528990471029,0.0694642908296739
0.798,-0.199500687232975,0.0694905125890214
0.8,-0.243048672768818,0.069517160221093
0.802,-0.340168143027609,0.0695442330232764
0.804,-0.359647705683855,0.0695717302917243
0.806,-0.315124403316022,0.0695996513213004
0.808,-0.224787133879145,0.0696279954055243
0.81,-0.0928331583539661,0.0696567618365166
0.812,-0.0368143003588484,0.0696859499049424
0.814,-0.0368481886509224,0.0697155588999546
0.816,-0.0271245653247066,0.0697455881091371
0.818,0.112208831223392,0.069776036818447
0.82,0.0357309654758473,0.0698069043121552
0.822,0.0240492579906181,0.0698381898727887
0.824,0.153577745413673,0.0698698927810698
0.826,0.00638637611394925,0.0699020123158562
0.828,-0.0993408831625639,0.0699345477540809
0.83,-0.0261959057024415,0.0699674983706896
0.832,-0.056229761809264,0.0700008634385795
0.834,-0.000312707409944693,0.0700346422285368
0.836,0.0486306337610249,0.070068834009173
0.838,0.160820002861172,0.0701034380468619
0.84,0.106473165868365,0.0701384536056748
0.842,0.202923209980015,0.0701738799473162
0.844,0.227649367848193,0.0702097163310583
0.846,0.229678689229802,0.0702459620136749
0.848,0.199982102098714,0.0702826162493754
0.85,0.143430731587747,0.0703196782897377
0.852,0.256560240855271,0.0703571473836406
0.854,0.269654595517695,0.070395022777196
0.856,0.242792660498377,0.0704333037136805
0.858,0.242679214963807,0.070471989433466
0.86,0.27897458892245,0.0705110791739505
0.862,0.27764144986032,0.0705505721694883
0.864,0.283930653683197,0.0705904676513187
0.866,0.192075522457153,0.0706307648474959
0.868,0.217526157726418,0.0706714629828169
0.87,0.179091765538304,0.0707125612787498
0.872,0.113890695727731,0.0707540589533611
0.874,0.0694389238312404,0.0707959552212433
0.876,0.0157073655295063,0.0708382492934407
0.878,0.0404195501142239,0.0708809403773761
0.88,0.0594803539496419,0.0709240276767766
0.882,0.0361874913234416,0.0709675103915984
0.884,0.0406924025627451,0.0710113877179517
0.886,0.0771100786316684,0.0710556588480252
0.888,0.0781445881316866,0.0711003229700102
0.89,0.157572775106943,0.0711453792680233
0.892,0.205375346261428,0.0711908269220304
0.894,0.255977806255712,0.0712366651077687
0.896,0.284464048794732,0.0712828929966691
0.898,0.202778152975967,0.0713295097557781
0.9,0.216099259513692,0.0713765145476792
0.902,0.227261558414091,0.0714239065304137
0.904,0.139743382554667,0.0714716848574014
0.906,0.137872204826641,0.0715198486773612
0.908,0.245994033647902,0.0715683971342301
0.91,0.26780892133563,0.0716173293670838
0.912,0.186357844982248,0.0716666445100548
0.914,0.183743922068955,0.0717163416922517
0.916,0.339014868087757,0.0717664200376774
0.918,0.320571476681203,0.071816878665147
0.92,0.392402739087456,0.0718677166882058
0.922,0.431799664360041,0.0719189332150466
0.924,0.407551594736972,0.0719705273484262
0.926,0.43616256690543,0.072022498185583
0.928,0.365711333515424,0.0720748448181522
0.93,0.402420635818581,0.072127566332083
0.932,0.50295525568789,0.0721806618075535
0.934,0.535496775168726,0.0722341303188866
0.936,0.561392570481433,0.072287970934465
0.938,0.552370516330025,0.072342182716646
0.94,0.541536249647234,0.0723967647216759
0.942,0.633511458163033,0.0724517159996046
0.944,0.581629686621613,0.0725070355941997
0.946,0.545065198867477,0.0725627225428597
0.948,0.724292203515495,0.0726187758765282
0.95,0.639028138847259,0.0726751946196065
0.952,0.544453892646327,0.0727319777898671
0.954,0.420401326639345,0.0727891243983661
0.956,0.541659176060986,0.0728466334493561
0.958,0.557140171482518,0.0729045039401982
0.96,0.552729469286911,0.0729627348612742
0.962,0.416650727811663,0.0730213251958987
0.964,0.398644958325546,0.0730802739202305
0.966,0.593368180248411,0.0731395800031843
0.968,0.627273753576985,0.0731992424063419
0.97,0.583338528502325,0.0732592600838634
0.972,0.6907381885587,0.0733196319823981
0.974,0.667445424289661,0.0733803570409957
0.976,0.649763027617636,0.0734414341910162
0.978,0.405328787798041,0.0735028623560413
0.98,0.412433687909629,0.0735646404517837
0.982,0.430203525289612,0.0736267673859987
0.984,0.355784756301627,0.0736892420583928
0.986,0.332388678307639,0.0737520633605352
0.988,0.317587119933762,0.0738152301757664
0.99,0.458682848869816,0.073878741379109
0.992,0.4215998138117,0.0739425958371765
0.994,0.518949286320443,0.0740067924080838
0.996,0.461143003147896,0.0740713299413563
0.998,0.59114052209002,0.0741362072778392
1,0.594962799656016,0.0742014232496073
1.002,0.515622646216643,0.0742669766798744
1.004,0.422665541466117,0.0743328663829023
1.006,0.37431117815398,0.0743990911639105
1.008,0.301678013861894,0.0744656498189852
1.01,0.302944639597562,0.0745325411349888
1.012,0.277127028835601,0.0745997638894691
1.014,0.242251482708236,0.0746673168505686
1.016,0.236789762390315,0.0747351987769339
1.018,0.257057942199415,0.0748034084176249
1.02,0.152766763285998,0.0748719445120242
1.022,0.0204371866002997,0.0749408057897466
1.024,-0.00695953112643598,0.0750099909705486
1.026,-0.0377953758434377,0.0750794987642381
1.028,-0.0996531759197661,0.0751493278705833
1.03,-0.0105243162522881,0.0752194769792233
1.032,0.015108443687317,0.0752899447695776
1.034,0.0227656684202695,0.0753607299107557
1.036,0.088255762160689,0.0754318310614676
1.038,0.0339665690094667,0.0755032468699335
1.04,0.175273104525046,0.0755749759737945
1.042,0.047876161581553,0.0756470170000229
1.044,0.0814215094973746,0.0757193685648324
1.046,0.0961613161758463,0.0757920292735897
1.048,0.106254381493529,0.0758649977207247
1.05,0.0786526283619207,0.0759382724896421
1.052,0.0418385977914935,0.0760118521526322
1.054,0.0857974859824845,0.0760857352707833
1.056,0.0915129411472534,0.0761599203938927
1.058,0.192552116671376,0.076234406060379
1.06,0.183259787953316,0.0763091907971946
1.062,0.174533801046297,0.0763842731197378
1.064,0.206186444073249,0.076459651531766
1.066,0.198642060928184,0.0765353245253085
1.068,0.0671583198615218,0.0766112905805799
1.07,-0.0612420061200953,0.0766875481658941
1.072,0.0398911703805839,0.0767640957375777
1.074,0.0925816001817904,0.076840931739885
1.076,0.0239768307558515,0.0769180546049123
1.078,0.00840015602094315,0.0769954627525129
1.08,-0.0326485026963636,0.0770731545902127
1.082,-0.0152690776481283,0.0771511285131258
1.084,0.0970148848936836,0.0772293829038709
1.086,0.0912292941845802,0.0773079161324877
1.088,0.0773881908917472,0.0773867265563539
1.09,-0.0753638628302219,0.0774658125201026
1.092,-0.135567750746205,0.0775451723555405
1.094,-0.0561532175495165,0.0776248043815657
1.096,0.00038787586003429,0.0777047069040871
1.098,-0.0428490449287599,0.0777848782159434
1.1,0.0763051065319963,0.0778653165968225
1.102,0.052994758951367,0.0779460203131825
1.104,0.182506234989396,0.0780269876181724
1.106,-0.00851758608092087,0.0781082167515528
1.108,-0.0985284878631966,0.0781897059396187
1.11,-0.148861457461092,0.0782714533951215
1.112,-0.244403579935732,0.0783534573171922
1.114,-0.354572079469615,0.0784357158912651
1.116,-0.394973694833378,0.0785182272890017
1.118,-0.420565187265126,0.0786009896682162
1.12,-0.40819919779028,0.0786840011728008
1.122,-0.449418283571302,0.0787672599326516
1.124,-0.572451656355148,0.0788507640635958
1.126,-0.53611483826783,0.0789345116673192
1.128,-0.641115481293678,0.0790185008312941
1.13,-0.575373778485726,0.0791027296287088
1.132,-0.572586881597206,0.0791871961183967
1.134,-0.606266929910756,0.0792718983447673
1.136,-0.522206625386886,0.0793568343377368
1.138,-0.586107551044373,0.0794420021126603
1.14,-0.699526053711405,0.0795273996702645
1.142,-0.600397873855326,0.0796130249965812
1.144,-0.555682615123248,0.0796988760628819
1.146,-0.512641677213572,0.0797849508256126
1.148,-0.4403613655465,0.0798712472263298
1.15,-0.390466969986398,0.0799577631916377
1.152,-0.36099329326294,0.080044496633126
1.154,-0.367280154904627,0.0801314454473082
1.156,-0.324176733861882,0.0802186075155612
1.158,-0.353546101191096,0.0803059807040664
1.16,-0.399513872383003,0.0803935628637502
1.162,-0.368029411725,0.0804813518302273
1.164,-0.492927335952857,0.0805693454237436
1.166,-0.509221321012084,0.0806575414491205
1.168,-0.529599786970618,0.0807459376957006
1.17,-0.523920575198094,0.0808345319372938
1.172,-0.599929468727968,0.080923321932125
1.174,-0.758315549688601,0.0810123054227825
1.176,-0.678106221266184,0.0811014801361674
1.178,-0.63413978581089,0.0811908437834445
1.18,-0.657179801630117,0.0812803940599943
1.182,-0.662146632904594,0.0813701286453651
1.184,-0.615029424324477,0.0814600452032277
1.186,-0.718147378137479,0.0815501413813306
1.188,-0.672037273320782,0.0816404148114561
1.19,-0.601635503953818,0.0817308631093778
1.192,-0.683971060185487,0.0818214838748197
1.194,-0.512372752135904,0.0819122746914161
1.196,-0.451718062529257,0.0820032331266724
1.198,-0.575722013457332,0.0820943567319284
1.2,-0.612338473490874,0.0821856430423212
1.202,-0.603998979487867,0.0822770895767512
1.204,-0.471414122484018,0.0823686938378475
1.206,-0.616124091601805,0.0824604533119364
1.208,-0.715640694282745,0.0825523654690099
1.21,-0.610678169658318,0.0826444277626966
1.212,-0.580767348012922,0.082736637630233
1.214,-0.625604152979657,0.0828289924924373
1.216,-0.631932305515866,0.0829214897536833
1.218,-0.611970615010767,0.0830141268018772
1.22,-0.708718805367897,0.0831069010084343
1.222,-0.555144614093676,0.0831998097282586
1.224,-0.585853182299718,0.0832928502997232
1.226,-0.601365888754854,0.0833860200446518
1.228,-0.670615471659716,0.0834793162683026
1.23,-0.77285799581464,0.0835727362593531
1.232,-0.793027679920971,0.0836662772898868
1.234,-0.849940939022575,0.0837599366153814
1.236,-0.872999783441612,0.0838537114746982
1.238,-0.960123280571952,0.0839475990900739
1.24,-1.01058907436027,0.0840415966671133
1.242,-0.913635219036834,0.0841357013947838
1.244,-0.956417787372922,0.0842299104454121
1.246,-0.867910034634837,0.0843242209746816
1.248,-0.966535057360944,0.0844186301216327
1.25,-0.878483331104995,0.0845131350086636
1.252,-0.958452786555634,0.0846077327415336
1.254,-0.930685146045217,0.0847024204093682
1.256,-0.998459039073647,0.0847971950846652
1.258,-0.98694918487961,0.0848920538233037
1.26,-0.962394857882162,0.0849869936645538
1.262,-0.947876075102446,0.0850820116310891
1.264,-0.929239108412968,0.0851771047289998
1.266,-1.00892477333295,0.0852722699478093
1.268,-0.982609056567399,0.0853675042604915
1.27,-1.08109291350391,0.0854628046234897
1.272,-1.132749595039,0.0855581679767391
1.274,-1.16350090471794,0.0856535912436888
1.276,-1.06736117305957,0.0857490713313283
1.278,-1.03959103371453,0.0858446051302137
1.28,-0.941235600883477,0.0859401895144976
1.282,-0.96057627765364,0.0860358213419597
1.284,-1.03799323668811,0.0861314974540405
1.286,-1.02924345503255,0.0862272146758761
1.288,-0.941404679278111,0.0863229698163358
1.29,-1.0703464691323,0.0864187596680609
1.292,-1.02425630592052,0.0865145810075066
1.294,-0.951367603538364,0.0866104305949853
1.296,-1.02057236958123,0.0867063051747121
1.298,-0.976497548190634,0.0868022014748525
1.3,-0.93557438516642,0.0868981162075723
1.302,-0.981572938239515,0.0869940460690897
1.304,-1.03882644727021,0.0870899877397294
1.306,-0.950349997467045,0.0871859378839787
1.308,-0.96331991369687,0.0872818931505466
1.31,-1.06540740695997,0.0873778501724242
1.312,-1.13701498459706,0.0874738055669479
1.314,-1.19913444278456,0.0875697559358645
1.316,-1.19744054638971,0.0876656978653989
1.318,-1.215452358407,0.0877616279263241
1.32,-1.38129823556045,0.0878575426740326
1.322,-1.36470270180733,0.087953438648612
1.324,-1.32118999874955,0.0880493123749207
1.326,-1.27018404203878,0.0881451603626675
1.328,-1.21033484534956,0.0882409791064932
1.33,-1.12020079002071,0.0883367650860538
1.332,-1.2245213004567,0.0884325147661077
1.334,-1.22989811607844,0.0885282245966033
1.336,-1.30576239794528,0.0886238910127707
1.338,-1.22546933815271,0.088719510435215
1.34,-1.1167046067225,0.088815079270012
1.342,-1.17506720606388,0.0889105939088068
1.344,-1.08528734821699,0.0890060507289146
1.346,-1.12418630600521,0.0891014460934239
1.348,-1.06830478134066,0.0891967763513022
1.35,-1.1164418563281,0.0892920378375045
1.352,-1.11600909194972,0.0893872268730842
1.354,-1.17255961186094,0.0894823397653058
1.356,-0.961601065333503,0.0895773728077618
1.358,-0.890213128101687,0.0896723222804904
1.36,-0.857569165289469,0.0897671844500966
1.362,-0.975330901960466,0.0898619555698762
1.364,-0.982428542938118,0.0899566318799414
1.366,-0.983456666065679,0.0900512096073499
1.368,-0.994191609198226,0.0901456849662363
1.37,-1.02026853230043,0.0902400541579462
1.372,-1.011557966139,0.0903343133711722
1.374,-0.924489566314046,0.0904284587820942
1.376,-0.831282230020184,0.0905224865545203
1.378,-0.791622350950196,0.0906163928400321
1.38,-0.731693486820643,0.0907101737781314
1.382,-0.68223619884674,0.0908038254963908
1.384,-0.689767556940857,0.0908973441106056
1.386,-0.513341722251457,0.0909907257249497
1.388,-0.509702832969012,0.0910839664321331
1.39,-0.530467610156781,0.0911770623135629
1.392,-0.708128585940737,0.0912700094395068
1.394,-0.690870183146371,0.0913628038692591
1.396,-0.721120630732603,0.0914554416513093
1.398,-0.72694210651132,0.0915479188235147
1.4,-0.6692065465179,0.0916402314132737
1.402,-0.713765265168496,0.0917323754377032
1.404,-0.794436059872815,0.091824346903819
1.406,-0.913113979106312,0.091916141808718
1.408,-0.909950884888851,0.0920077561397633
1.41,-0.826919129142942,0.092099185874773
1.412,-0.874986571470621,0.0921904269822108
1.414,-0.845399638057083,0.0922814754213798
1.416,-0.870062944046723,0.0923723271426189
1.418,-0.926474277089793,0.092462978087502
1.42,-0.885928918476434,0.0925534241890406
1.422,-0.902147196931939,0.0926436613718877
1.424,-0.932422967666745,0.0927336855525466
1.426,-0.823292801060909,0.0928234926395802
1.428,-0.890840247598749,0.0929130785338251
1.43,-0.838824866294881,0.0930024391286072
1.432,-0.898952159534183,0.0930915703099605
1.434,-0.857337584416716,0.0931804679568488
1.436,-0.74393211098134,0.0932691279413901
1.438,-0.684652302792385,0.0933575461290838
1.44,-0.580139183529438,0.0934457183790406
1.442,-0.640809345515419,0.0935336405442151
1.444,-0.642393125728967,0.0936213084716419
1.446,-0.599952367873225,0.0937087180026735
1.448,-0.657142020860031,0.0937958649732213
1.45,-0.608484040660302,0.0938827452139996
1.452,-0.661826105870739,0.0939693545507725
1.454,-0.64609261809105,0.094055688804603
1.456,-0.736566112765886,0.0941417437921055
1.458,-0.642654265917623,0.0942275153257003
1.46,-0.567244151476421,0.0943129992138714
1.462,-0.614672402409471,0.0943981912614274
1.464,-0.600106991576785,0.0944830872697639
1.466,-0.596287859718749,0.0945676830371301
1.468,-0.588621735847933,0.0946519743588967
1.47,-0.52734232715925,0.0947359570278278
1.472,-0.508796846477618,0.0948196268343545
1.474,-0.42251823171578,0.094902979566852
1.476,-0.362556014762777,0.0949860110119185
1.478,-0.334066089781246,0.0950687169546575
1.48,-0.272029647761758,0.0951510931789625
1.482,-0.219661414255615,0.0952331354678043
1.484,-0.144257188056188,0.0953148396035211
1.486,-0.169281315221794,0.0953962013681107
1.488,-0.152715318476311,0.0954772165435263
1.49,-0.108888965512663,0.0955578809119738
1.492,-0.154700940116714,0.0956381902562122
1.494,-0.234525647139749,0.0957181403598567
1.496,-0.186472767965219,0.0957977270076842
1.498,-0.188992838758182,0.0958769459859412
1.5,-0.174718002765413,0.0959557930826539
1.502,-0.0968617133011143,0.0960342640879421
1.504,-0.0743885762384459,0.0961123547943336
1.506,-0.0643624849915662,0.0961900609970829
1.508,-0.112399479719862,0.0962673784944912
1.51,-0.230344963953014,0.0963443030882292
1.512,-0.209225128784966,0.0964208305836621
1.514,-0.245872635610442,0.0964969567901775
1.516,-0.354805546931426,0.0965726775215146
1.518,-0.266061935494932,0.0966479885960971
1.52,-0.275303441501106,0.0967228858373672
1.522,-0.243442576470642,0.0967973650741225
1.524,-0.291113420675971,0.0968714221408549
1.526,-0.274815856656612,0.0969450528780918
1.528,-0.118912145355223,0.0970182531327397
1.53,-0.246544868557953,0.0970910187584296
1.532,-0.258879033822132,0.0971633456158646
1.534,-0.168430249839801,0.0972352295731701
1.536,-0.110311403782761,0.0973066665062453
1.538,-0.0703249267564484,0.0973776522991172
1.54,-0.0566803412581874,0.0974481828442971
1.542,-0.0210043196026098,0.0975182540431377
1.544,0.093416928066824,0.0975878618061936
1.546,0.0855905826977734,0.0976570020535831
1.548,0.17096536442728,0.0977256707153518
1.55,0.270841874206344,0.097793863731838
1.552,0.292586091133601,0.0978615770540404
1.554,0.287413644789754,0.0979288066439874
1.556,0.323971487012292,0.0979955484751074
1.558,0.315305873006852,0.0980617985326022
1.56,0.354162972686432,0.0981275528138207
1.562,0.363791159513853,0.0981928073286352
1.564,0.468353175082867,0.0982575580998188
1.566,0.428401769174955,0.0983218011634244
1.568,0.307000004007317,0.0983855325691655
1.57,0.265612445045472,0.0984487483807983
1.572,0.31027603212504,0.0985114446765046
1.574,0.385523481902519,0.0985736175492775
1.576,0.39713652669236,0.0986352631073071
1.578,0.402933501297766,0.098696377474368
1.58,0.419688438542482,0.0987569567902083
1.582,0.416202387471312,0.0988169972109394
1.584,0.384207474921334,0.0988764949094273
1.586,0.414300067456393,0.0989354460756841
1.588,0.470922786245879,0.0989938469172625
1.59,0.386520058065415,0.0990516936596489
1.592,0.360177007095777,0.0991089825466593
1.594,0.381918198214255,0.0991657098408351
1.596,0.450471477115369,0.0992218718238408
1.598,0.275720406278852,0.0992774647968608
1.6,0.280912858490978,0.0993324850809985
1.602,0.221075528529343,0.0993869290176757
1.604,0.20316724648282,0.0994407929690321
1.606,0.189050679910618,0.0994940733183262
1.608,0.233700720569095,0.0995467664703359
1.61,0.310271835020564,0.0995988688517603
1.612,0.266709923962217,0.0996503769116216
1.614,0.219782740761002,0.0997012871216671
1.616,0.17947491821024,0.0997515959767722
1.618,0.193820963671336,0.0998012999953428
1.62,0.230135585341297,0.0998503957197184
1.622,0.0618659706436593,0.0998988797165756
1.624,-0.0580262294583159,0.0999467485773308
1.626,-0.141438726634894,0.0999939989185434
1.628,-0.166170870695163,0.100040627382319
1.63,-0.276557981594061,0.100086630636714
1.632,-0.239585643116329,0.100132005376133
1.634,-0.223936094330511,0.10017674832174
1.636,-0.181072898058438,0.100220856221852
1.638,-0.0978962107510244,0.100264325852347
1.64,-0.201734597148669,0.100307154017061
1.642,-0.201483755434733,0.100349337548192
1.644,-0.276788206855778,0.100390873306699
1.646,-0.154233493889542,0.100431758182701
1.648,-0.131634736276724,0.100471989095878
1.65,-0.0432205990646906,0.100511562995866
1.652,0.00392729294615162,0.100550476862655
1.654,0.000901517726009397,0.100588727706989
1.656,-0.0448226130827648,0.100626312570756
1.658,0.0204679206979086,0.100663228527385
1.66,0.132948168682432,0.100699472682239
1.662,0.136828152498096,0.100735042173004
1.664,0.0705363624838232,0.100769934170086
1.666,-0.0155634223192675,0.100804145876992
1.668,0.0361493363522609,0.100837674530723
1.67,-0.0439353083779049,0.100870517402159
1.672,0.0400657022513742,0.100902671796443
1.674,0.1066581538752,0.100934135053364
1.676,-0.0229093042862124,0.100964904547739
1.678,-0.118990644892375,0.100994977689791
1.68,-0.097111325296047,0.101024351925527
1.682,0.0167582859924157,0.101053024737114
1.684,0.0404188853246992,0.101080993643251
1.686,0.0995141187850302,0.101108256199543
1.688,0.0910936143390292,0.101134809998866
1.69,0.198609368712051,0.101160652671738
1.692,0.372978899501639,0.10118578188668
1.694,0.294759881536733,0.10121019535058
1.696,0.405395394106767,0.101233890809051
1.698,0.402035170301755,0.101256866046791
1.7,0.525514268533122,0.101279118887932
1.702,0.611375046060457,0.101300647196396
1.704,0.588390173313986,0.101321448876242
1.706,0.577638188222994,0.10134152187201
1.708,0.566802479559303,0.101360864169066
1.71,0.615533029711593,0.101379473793941
1.712,0.676331982507861,0.101397348814668
1.714,0.636299664080951,0.101414487341113
1.716,0.612621981319964,0.101430887525306
1.718,0.679348555067237,0.101446547561769
1.72,0.693099023171581,0.101461465687838
1.722,0.527443548384001,0.101475640183981
1.724,0.484246435013109,0.101489069374117
1.726,0.350697534617657,0.101501751625923
1.728,0.36784462619303,0.101513685351149
1.73,0.38803606989018,0.101524869005918
1.732,0.527523372586962,0.101535301091027
1.734,0.572154378721526,0.101544980152244
1.736,0.599707332844034,0.101553904780602
1.738,0.509770440663591,0.101562073612684
1.74,0.597823160361338,0.10156948533091
1.742,0.516248229121251,0.101576138663815
1.744,0.472551727729687,0.101582032386323
1.746,0.452982146539,0.101587165320022
1.748,0.342190389770787,0.101591536333426
1.75,0.419997640522753,0.101595144342236
1.752,0.477765658881516,0.101597988309602
1.754,0.330903299310545,0.10160006724637
1.756,0.24795229464765,0.101601380211332
1.758,0.296926162792404,0.101601926311464
1.76,0.32127339583886,0.10160170470217
1.762,0.350827319351848,0.101600714587508
1.764,0.44547463079376,0.10159895522042
1.766,0.484086477023692,0.101596425902952
1.768,0.596754976071841,0.101593125986473
1.77,0.576141695337105,0.101589054871884
1.772,0.565049324468757,0.101584212009822
1.774,0.588385278854347,0.101578596900864
1.776,0.608754048727353,0.10157220909572
1.778,0.601385737467268,0.10156504819542
1.78,0.679852630233644,0.101557113851499
1.782,0.82273977761271,0.101548405766174
1.784,0.871033839110976,0.101538923692516
1.786,0.8324173864049,0.101528667434615
1.788,0.845843551055458,0.101517636847739
1.79,0.989975282912109,0.101505831838489
1.792,1.03549558538164,0.101493252364947
1.794,1.01412557033586,0.101479898436816
1.796,1.10790122621339,0.101465770115554
1.798,1.12564040510621,0.101450867514507
1.8,1.05911471141011,0.101435190799029
1.802,1.18946744586962,0.101418740186596
1.804,1.19656306347275,0.101401515946922
1.806,1.24643116121641,0.101383518402057
1.808,1.19169872377841,0.101364747926484
1.81,1.24123280147564,0.101345204947215
1.812,1.21131884503565,0.101324889943866
1.814,1.18678236281835,0.101303803448741
1.816,1.25249444564656,0.101281946046898
1.818,1.29104808383974,0.101259318376217
1.82,1.27002680602799,0.10123592112745
1.822,1.28715063461219,0.101211755044277
1.824,1.28419990708932,0.101186820923344
1.826,1.18701391987414,0.101161119614305
1.828,1.18102824375212,0.101134652019844
1.83,1.1574432226959,0.101107419095701
1.832,1.3039181377875,0.101079421850687
1.834,1.21550071027967,0.101050661346691
1.836,1.25883801776772,0.101021138698681
1.838,1.3730369780903,0.100990855074695
1.84,1.34764076315178,0.100959811695833
1.842,1.37899788214081,0.100928009836231
1.844,1.43071385172897,0.100895450823037
1.846,1.3523793188364,0.100862136036371
1.848,1.44289595625292,0.10082806690929
1.85,1.42619713453817,0.100793244927729
1.852,1.3708485550868,0.10075767163045
1.854,1.37319249566266,0.100721348608979
1.856,1.45033112656835,0.100684277507527
1.858,1.36381607837165,0.100646460022919
1.86,1.32510572584009,0.100607897904502
1.862,1.31814950792345,0.100568592954053
1.864,1.47182358435742,0.100528547025681
1.866,1.47508470843057,0.100487762025712
1.868,1.52093354726772,0.100446239912578
1.87,1.5221219992346,0.100403982696692
1.872,1.53319203049966,0.100360992440317
1.874,1.54613348281271,0.100317271257429
1.876,1.51706948336708,0.10027282131357
1.878,1.64644399507688,0.100227644825697
1.88,1.60126212974633,0.10018174406202
1.882,1.56175417165561,0.100135121341835
1.884,1.54296533554966,0.10008777903535
1.886,1.4632138532957,0.100039719563499
1.888,1.42896456450757,0.0999909453977579
1.89,1.30824595957432,0.0999414590599439
1.892,1.37331395957262,0.0998912631220114
1.894,1.40416874442253,0.0998403602058418
1.896,1.32292190687354,0.0997887529830236
1.898,1.4126697649648,0.099736444174627
1.9,1.32642118967972,0.0996834365509704
1.902,1.34694128423189,0.0996297329313802
1.904,1.30213057824938,0.0995753361839433
1.906,1.31139357125033,0.0995202492252522
1.908,1.26536832566286,0.0994644750201436
1.91,1.19173704407188,0.0994080165814295
1.912,1.14457420586555,0.0993508769696214
1.914,1.12991610809309,0.0992930592926477
1.916,1.20054737152567,0.0992345667055642
1.918,1.17689747498603,0.0991754024102572
1.92,1.18247856784988,0.0991155696551405
1.922,1.18133273588706,0.0990550717348451
1.924,1.25537897999984,0.0989939119899024
1.926,1.26489186381297,0.0989320938064207
1.928,1.27520392305377,0.098869620615755
1.93,1.20376686508699,0.0988064958941702
1.932,1.21131791839109,0.0987427231624977
1.934,1.21509395422528,0.0986783059857857
1.936,1.10762844805652,0.0986132479729436
1.938,1.1747195579169,0.0985475527763788
1.94,1.22714467032812,0.0984812240916279
1.942,1.27062372596643,0.0984142656569826
1.944,1.27539713127946,0.0983466812531077
1.946,1.27874819472094,0.0982784747026543
1.948,1.34291055414258,0.0982096498698666
1.95,1.30374883109787,0.0981402106601827
1.952,1.30498311420778,0.0980701610198296
1.954,1.20001956743776,0.0979995049354126
1.956,1.11387823186896,0.0979282464334987
1.958,1.10941976579323,0.0978563895801943
1.96,1.08508810730284,0.0977839384807181
1.962,1.10532502070333,0.0977108972789678
1.964,1.08509665363156,0.097637270157081
1.966,1.06721607795733,0.0975630613349924
1.968,1.20155777133339,0.0974882750699842
1.97,1.18976196265212,0.0974129156562324
1.972,1.07094278813567,0.0973369874243472
1.974,1.09413915859304,0.0972604947409093
1.976,1.1453568570311,0.0971834420080008
1.978,1.03475009041512,0.0971058336627317
1.98,1.00136712323662,0.0970276741767615
1.982,0.927141298589353,0.0969489680558164
1.984,1.0107482073247,0.0968697198392015
1.986,1.08088838272417,0.09678993409931
1.988,1.11268947293168,0.0967096154411262
1.99,1.05584063140845,0.0966287685017261
1.992,0.93077334370572,0.0965473979497728
1.994,0.912090251111558,0.0964655084850085
1.996,0.892153613400131,0.0963831048377424
1.998,0.89459971619247,0.0963001917683351
2,0.890274934471969,0.0962167740666789
2.002,1.04019753671936,0.0961328565516751
2.004,0.990083696787314,0.0960484440707076
2.006,1.0392773553697,0.0959635414991129
2.008,1.05286095143473,0.0958781537396477
2.01,1.07021717415956,0.0957922857219524
2.012,1.08299490800454,0.0957059424020126
2.014,0.957389137548763,0.0956191287616165
2.016,0.948978582111469,0.0955318498078113
2.018,0.977442648589352,0.095444110572355
2.02,1.08667647260902,0.0953559161111669
2.022,0.973105252472906,0.0952672715037757
2.024,1.10271819667611,0.0951781818527646
2.026,1.11700023752461,0.0950886522832143
2.028,1.15905790038299,0.0949986879421448
2.03,1.17922070978061,0.0949082939979545
2.032,1.2218099915084,0.0948174756398572
2.034,1.27900214192626,0.0947262380773182
2.036,1.33299860743031,0.0946345865394883
2.038,1.25162966039829,0.0945425262746361
2.04,1.23941558073316,0.0944500625495796
2.042,1.1226068776164,0.0943572006491158
2.044,1.10720865881923,0.09426394587545
2.046,1.05137899010814,0.0941703035476231
2.048,1.12447553747894,0.0940762790009386
2.05,1.00066735068799,0.0939818775863892
2.052,0.975810088497992,0.0938871046700818
2.054,0.88892571686849,0.0937919656326626
2.056,0.959174164471045,0.0936964658687415
2.058,1.01690956586772,0.0936006107863165
2.06,1.01712296765908,0.0935044058061977
2.062,1.0636379573244,0.093407856361431
2.064,1.13470503742914,0.0933109678967222
2.066,1.06515118768269,0.0932137458678615
2.068,1.06110734469734,0.0931161957411473
2.07,1.18962025746773,0.0930183229928117
2.072,1.34483305500469,0.0929201331084452
2.074,1.39950754047701,0.0928216315824232
2.076,1.40039354208634,0.0927228239173325
2.078,1.49720937542232,0.0926237156233988
2.08,1.53548250481858,0.0925243122179153
2.082,1.58009122110149,0.0924246192246725
2.084,1.61594362146675,0.0923246421733887
2.086,1.79700887269438,0.0922243865991423
2.088,1.61713458205218,0.0921238580418056
2.09,1.71965580093268,0.092023062045479
2.092,1.69968018221666,0.0919220041579291
2.094,1.79243889534359,0.0918206899300259
2.096,1.69636537371619,0.0917191249151836
2.098,1.70478149585713,0.0916173146688031
2.1,1.61831279605692,0.091515264747716
2.102,1.55924597234743,0.0914129807096313
2.104,1.64681990733086,0.091310468112584
2.106,1.7836171859272,0.0912077325143865
2.108,1.88739869362428,0.0911047794720822
2.11,1.74750552875725,0.0910016145414016
2.112,1.82301745669805,0.0908982432762213
2.114,1.91597488741993,0.0907946712280259
2.116,1.96075447127854,0.0906909039453722
2.118,1.88806594624578,0.0905869469733569
2.12,1.89540643754072,0.0904828058530874
2.122,1.90944787937125,0.0903784861211552
2.124,1.98411841749171,0.0902739933091134
2.126,1.90322494406548,0.0901693329429568
2.128,1.87297206774208,0.0900645105426058
2.13,1.82453103980563,0.0899595316213935
2.132,1.99530977581687,0.0898544016855569
2.134,1.91658161987193,0.0897491262337317
2.136,1.89111546043128,0.0896437107564504
2.138,1.82153540289214,0.0895381607356448
2.14,1.81428587697636,0.089432481644152
2.142,1.79079620234009,0.089326678945225
2.144,1.94402963737077,0.0892207580920468
2.146,1.88610389709007,0.0891147245272492
2.148,1.88907220302592,0.0890085836824351
2.15,1.92127892343427,0.0889023409777065
2.152,1.8459410664787,0.088796001821195
2.154,1.79046556389229,0.0886895716085986
2.156,1.75636334956634,0.0885830557227219
2.158,1.70373042454482,0.0884764595330213
2.16,1.69049217321774,0.088369788395155
2.162,1.63408042228973,0.0882630476505371
2.164,1.63424428531953,0.0881562426258976
2.166,1.60682983514235,0.0880493786328462
2.168,1.70061576850023,0.0879424609674413
2.17,1.74376622562851,0.0878354949097648
2.172,1.6870007792934,0.0877284857235005
2.174,1.68202870231456,0.087621438655519
2.176,1.57750132561311,0.0875143589354665
2.178,1.68339419455349,0.0874072517753597
2.18,1.74896264787773,0.0873001223691857
2.182,1.86727102845184,0.087192975892507
2.184,1.81166466319602,0.0870858175020717
2.186,1.80347737093042,0.0869786523354298
2.188,1.70968422078654,0.0868714855105539
2.19,1.74449190775874,0.0867643221254663
2.192,1.83222625768964,0.0866571672578711
2.194,1.97574518836292,0.0865500259647917
2.196,1.91517892053298,0.0864429032822143
2.198,2.05584335746952,0.0863358042247369
2.2,2.11181627691821,0.0862287337852235
2.202,2.00246745532071,0.0861216969344646
2.204,2.04608067588452,0.0860146986208428
2.206,2.04737614345481,0.0859077437700047
2.208,2.05488417561795,0.0858008372845383
2.21,2.08815898859411,0.0856939840436555
2.212,2.00255794109025,0.0855871889028817
2.214,1.99284761195844,0.0854804566937503
2.216,2.01402430542235,0.0853737922235031
2.218,2.01837395131156,0.0852672002747968
2.22,2.03963068577998,0.0851606856054153
2.222,1.86610231487137,0.0850542529479876
2.224,2.06842131294958,0.0849479070097122
2.226,2.13284365546222,0.0848416524720865
2.228,2.22209534261043,0.0847354939906428
2.23,2.26263317520397,0.0846294361946902
2.232,2.30860263420969,0.0845234836870617
2.234,2.08593676088088,0.0844176410438685
2.236,2.02601834058155,0.0843119128142588
2.238,1.99165662909372,0.084206303520183
2.24,2.07637917597385,0.0841008176561659
2.242,2.08444580751068,0.0839954596890828
2.244,2.11801993511357,0.0838902340579435
2.246,2.06338850288032,0.0837851451736804
2.248,2.13899366865064,0.0836801974189445
2.25,2.01947958713773,0.0835753951479051
2.252,1.97190329302068,0.083470742686057
2.254,1.94121016611929,0.0833662443300331
2.256,1.97238009803559,0.0832619043474224
2.258,2.00696050490193,0.0831577269765947
2.26,1.9018071368853,0.0830537164265299
2.262,1.80653968014969,0.0829498768766547
2.264,1.82098392747542,0.0828462124766835
2.266,1.80168733264439,0.0827427273464662
2.268,1.80319296403304,0.0826394255758411
2.27,1.80153919665927,0.0825363112244939
2.272,1.8291751979519,0.0824333883218221
2.274,1.97015917187702,0.0823306608668052
2.276,1.94267177583224,0.0822281328278808
2.278,2.07932717293309,0.0821258081428257
2.28,2.04439612495933,0.0820236907186434
2.282,1.96246179358985,0.081921784431456
2.284,1.92954667574314,0.0818200931264033
2.286,1.83658701001317,0.0817186206175458
2.288,1.87892761057484,0.0816173706877737
2.29,1.74629768847304,0.081516347088722
2.292,1.82107911594963,0.08141555354069
2.294,1.77011430792138,0.0813149937325666
2.296,1.68263564372607,0.081214671321761
2.298,1.78215946086859,0.0811145899341385
2.3,1.75837398135906,0.0810147531639619
2.302,1.83730420500133,0.0809151645738371
2.304,1.82351494495188,0.0808158276946654
2.306,1.70042961877485,0.0807167460255996
2.308,1.73400330681539,0.0806179230340059
2.31,1.69235376473791,0.0805193621554301
2.312,1.68787089375153,0.0804210667935702
2.314,1.55414488894611,0.0803230403202519
2.316,1.49183360901559,0.080225286075411
2.318,1.50950025016444,0.0801278073670792
2.32,1.51208216052163,0.0800306074713757
2.322,1.51004360103151,0.0799336896325025
2.324,1.66980953515637,0.0798370570627456
2.326,1.72104751416152,0.0797407129424798
2.328,1.77139272933195,0.079644660420179
2.33,1.81622645327092,0.07954890261243
2.332,1.7303589007583,0.0794534426039518
2.334,1.83606920425526,0.0793582834476191
2.336,1.71343825172585,0.0792634281644892
2.338,1.61095116647934,0.0791688797438351
2.34,1.53524110690545,0.0790746411431813
2.342,1.56812059314345,0.0789807152883444
2.344,1.65161519849087,0.0788871050734778
2.346,1.60638813555376,0.0787938133611207
2.348,1.53881529121801,0.0787008429822511
2.35,1.48783095066465,0.0786081967363428
2.352,1.5725808294112,0.0785158773914257
2.354,1.56901983016994,0.0784238876841514
2.356,1.55428860158097,0.0783322303198615
2.358,1.51911132317634,0.0782409079726598
2.36,1.42526842727897,0.0781499232854886
2.362,1.31110790548661,0.0780592788702088
2.364,1.28428464033355,0.0779689773076828
2.366,1.18162455340521,0.0778790211478617
2.368,1.09170956383932,0.077789412909876
2.37,1.18193948742286,0.0777001550821289
2.372,1.24535424796469,0.077611250122394
2.374,1.3656022309387,0.0775227004579157
2.376,1.36809185878395,0.0774345084855134
2.378,1.40035796850278,0.0773466765716879
2.38,1.46770260605004,0.0772592070527317
2.382,1.53187772714287,0.0771721022348428
2.384,1.47059516559454,0.0770853643942405
2.386,1.42209290675869,0.0769989957772843
2.388,1.42668194163277,0.0769129986005968
2.39,1.35298019236135,0.0768273750511879
2.392,1.28740315624414,0.0767421272865832
2.394,1.32034058141024,0.076657257434954
2.396,1.33735600015836,0.0765727675952506
2.398,1.30950730299532,0.0764886598373377
2.4,1.2960065095563,0.0764049362021335
2.402,1.25242634841999,0.0763215987017494
2.404,1.18142410526756,0.076238649319634
2.406,1.18215176016306,0.0761560900107183
2.408,1.22751595106767,0.0760739227015636
2.41,1.21823228355709,0.0759921492905116
2.412,1.17248627911546,0.0759107716478368
2.414,1.14228403328627,0.0758297916159009
2.416,0.995575832801812,0.0757492110093092
2.418,0.946665927188775,0.0756690316150695
2.42,0.949342685784303,0.0755892551927523
2.422,0.880079567318921,0.0755098834746531
2.424,0.850813769081886,0.0754309181659572
2.426,0.835578076939927,0.0753523609449052
2.428,0.920034467829122,0.0752742134629611
2.43,0.828052385274448,0.0751964773449819
2.432,0.882375557953585,0.0751191541893883
2.434,0.792055059701747,0.0750422455683379
2.436,0.805490037540145,0.0749657530278989
2.438,0.747935595519246,0.0748896780882263
2.44,0.646336925609766,0.0748140222437385
2.442,0.518752323016785,0.074738786963296
2.444,0.442711058895924,0.0746639736903812
2.446,0.387245666001473,0.074589583843279
2.448,0.363426974791077,0.0745156188152598
2.45,0.477093414558691,0.0744420799747616
2.452,0.431291835310935,0.0743689686655759
2.454,0.344661403796061,0.0742962862070319
2.456,0.257973855192951,0.0742240338941838
2.458,0.202242304095248,0.0741522129979977
2.46,0.11783218108178,0.0740808247655404
2.462,0.0409869019560434,0.0740098704201681
2.464,-0.0190400022004873,0.0739393511617165
2.466,-0.117277633747154,0.0738692681666917
2.468,-0.195570770015548,0.0737996225884614
2.47,-0.225852636941521,0.0737304155574469
2.472,-0.283340248424367,0.0736616481813158
2.474,-0.21665091673196,0.0735933215451755
2.476,-0.266446195498418,0.0735254367117664
2.478,-0.228845846882822,0.0734579947216565
2.48,-0.269958858918999,0.0733909965934362
2.482,-0.391146294338281,0.0733244433239124
2.484,-0.372335163433177,0.073258335888305
2.486,-0.371003811658002,0.0731926752404416
2.488,-0.358012872803628,0.073127462312954
2.49,-0.405185144538056,0.0730626980174739
2.492,-0.481653282404042,0.0729983832448294
2.494,-0.440948949178515,0.0729345188652411
2.496,-0.371525162111038,0.072871105728519
2.498,-0.500236267433222,0.0728081446642585
2.5,-0.498315396966727,0.0727456364820372
2.502,-0.654503117750643,0.0726835819716114
2.504,-0.739417819340355,0.0726219819031124
2.506,-0.663430059579659,0.0725608370272429
2.508,-0.642716699014813,0.0725001480754731
2.51,-0.723517545381523,0.0724399157602365
2.512,-0.671510824677732,0.0723801407751259
2.514,-0.608947846173662,0.0723208237950889
2.516,-0.712610103702713,0.072261965476623
2.518,-0.802275399722036,0.0722035664579703
2.52,-0.804157191746565,0.0721456273593124
2.522,-0.659525159524646,0.0720881487829643
2.524,-0.630289173069602,0.0720311313135682
2.526,-0.826686828623348,0.0719745755182866
2.528,-0.869006502864323,0.0719184819469953
2.53,-0.845609936029456,0.0718628511324754
2.532,-0.897349789530862,0.0718076835906052
2.534,-0.935722558936062,0.0717529798205512
2.536,-0.913279786197326,0.0716987403049586
2.538,-0.925888903406864,0.0716449655101415
2.54,-1.02520768372188,0.0715916558862715
2.542,-0.979785133230978,0.0715388118675666
2.544,-0.938515991181779,0.0714864338724791
2.546,-0.977722512043624,0.0714345223038823
2.548,-0.99246734843299,0.0713830775492571
2.55,-1.00598057130907,0.0713320999808773
2.552,-0.9795398937913,0.0712815899559944
2.554,-0.957030756852565,0.071231547817021
2.556,-0.938550989462491,0.0711819738917144
2.558,-0.819995098955089,0.071132868493358
2.56,-0.884760240657132,0.0710842319209428
2.562,-0.828417659588038,0.0710360644593474
2.564,-0.879921675571633,0.0709883663795175
2.566,-0.748772452169827,0.0709411379386437
2.568,-0.75010156788248,0.070894379380339
2.57,-0.693382645253764,0.0708480909348149
2.572,-0.598370957369967,0.0708022728190569
2.574,-0.587237675706007,0.070756925236998
2.576,-0.683213522330341,0.0707120483796921
2.578,-0.832707652340342,0.0706676424254859
2.58,-0.93103225447839,0.0706237075401895
2.582,-0.844710793581166,0.0705802438772462
2.584,-0.853856637416227,0.0705372515779013
2.586,-0.929736922628439,0.0704947307713687
2.588,-0.949565978061466,0.0704526815749976
2.59,-0.991186873635091,0.0704111040944374
2.592,-0.85985357246673,0.0703699984238011
2.594,-0.751524105550415,0.0703293646458283
2.596,-0.785266343358194,0.0702892028320461
2.598,-0.790320380143354,0.070249513042929
2.6,-0.654336237128904,0.070210295328058
2.602,-0.660064736688719,0.0701715497262779
2.604,-0.540271613842337,0.0701332762658532
2.606,-0.507311823284206,0.070095474964623
2.608,-0.502147120205724,0.070058145830155
2.61,-0.386034945399672,0.070021288859897
2.612,-0.249699412085818,0.0699849040413281
2.614,-0.265581410099833,0.0699489913521082
2.616,-0.313766276675163,0.0699135507602259
2.618,-0.543725069613873,0.0698785822241455
2.62,-0.525489521448649,0.0698440856929523
2.622,-0.484686504478986,0.0698100611064963
2.624,-0.616679392145249,0.0697765083955352
2.626,-0.638524103973879,0.0697434274818754
2.628,-0.551399637200416,0.0697108182785117
2.63,-0.519359282071266,0.0696786806897657
2.632,-0.543461937855745,0.0696470146114225
2.634,-0.583476975848746,0.0696158199308667
2.636,-0.534499894172368,0.0695850965272158
2.638,-0.545355235852309,0.0695548442714532
2.64,-0.586558109012673,0.0695250630265594
2.642,-0.476684774938961,0.0694957526476411
2.644,-0.428146528985684,0.0694669129820603
2.646,-0.364324830026069,0.06943854386956
2.648,-0.50119547796267,0.0694106451423907
2.65,-0.530495861950616,0.0693832166254328
2.652,-0.634815754515769,0.0693562581363204
2.654,-0.551915977744289,0.0693297694855608
2.656,-0.562438938367512,0.0693037504766549
2.658,-0.555155507641932,0.0692782009062144
2.66,-0.50932516157373,0.0692531205640785
2.662,-0.400748532878906,0.0692285092334288
2.664,-0.52327737617601,0.0692043666909023
2.666,-0.629686032008581,0.0691806927067039
2.668,-0.645600025579891,0.0691574870447163
2.67,-0.542245580902765,0.0691347494626093
2.672,-0.513834676571953,0.0691124797119468
2.674,-0.436973781419314,0.0690906775382931
2.676,-0.475144336373229,0.069069342681317
2.678,-0.540066752051269,0.0690484748748947
2.68,-0.415938702820582,0.0690280738472116
2.682,-0.485566224321187,0.0690081393208617
2.684,-0.43080371220237,0.0689886710129464
2.686,-0.451220008651506,0.0689696686351711
2.688,-0.417904122854574,0.0689511318939408
2.69,-0.239201138565874,0.068933060490454
2.692,-0.22394202902635,0.0689154541207952
2.694,-0.211427292865271,0.0688983124760254
2.696,-0.22286819084527,0.0688816352422722
2.698,-0.201108764177924,0.0688654221008171
2.7,-0.325198458637263,0.0688496727281825
2.702,-0.353934756711341,0.0688343867962163
2.704,-0.325680114471477,0.0688195639721755
2.706,-0.384013034138021,0.0688052039188085
2.708,-0.407471718750405,0.0687913062944349
2.71,-0.418686513805899,0.0687778707530255
2.712,-0.253130689610113,0.0687648969442794
2.714,-0.230115797867526,0.0687523845136997
2.716,-0.199759092686242,0.0687403331026692
2.718,-0.0547649534438332,0.0687287423485226
2.72,-0.0352880669994947,0.0687176118846191
2.722,0.133520585685241,0.0687069413404119
2.724,0.124762536490596,0.0686967303415177
2.726,0.0822020073620943,0.0686869785097836
2.728,0.0909194755301425,0.0686776854633535
2.73,0.256498303555382,0.0686688508167325
2.732,0.177105572112126,0.0686604741808495
2.734,0.232144656405088,0.0686525551631197
2.736,0.0831471171193915,0.0686450933675046
2.738,-0.094805272400635,0.0686380883945702
2.74,-0.0983246951238302,0.0686315398415454
2.742,-0.104457388219734,0.0686254473023772
2.744,-0.0346226289092146,0.068619810367786
2.746,-0.131365931965732,0.0686146286253184
2.748,-0.0818660257136408,0.0686099016593991
2.75,-0.170710685342418,0.0686056290513814
2.752,-0.146378935745549,0.0686018103795964
2.754,-0.11244123092634,0.0685984452194005
2.756,-0.16923950593293,0.0685955331432218
2.758,-0.0284259793336251,0.0685930737206053
2.76,0.103503468455682,0.068591066518256
2.762,0.146720975916877,0.0685895111000817
2.764,0.23996206628589,0.0685884070272339
2.766,0.291194457083041,0.0685877538581468
2.768,0.392161265243386,0.0685875511485764
2.77,0.479787682515942,0.0685877984516368
2.772,0.439259040384037,0.0685884953178359
2.774,0.332676198279354,0.0685896412951102
2.776,0.403347130834183,0.0685912359288572
2.778,0.390367455037834,0.0685932787619674
2.78,0.348952202081544,0.0685957693348547
2.782,0.459852669497492,0.0685987071854855
2.784,0.469291237641445,0.0686020918494065
2.786,0.520862146035314,0.0686059228597712
2.788,0.480696874249715,0.0686101997473654
2.79,0.497648200148335,0.0686149220406312
2.792,0.505386878429344,0.0686200892656898
2.794,0.458786383282855,0.0686257009463627
2.796,0.519381412297713,0.0686317566041926
2.798,0.580995062710529,0.0686382557584622
2.8,0.521146835890059,0.0686451979262119
2.802,0.568717295489249,0.0686525826222566
2.804,0.475267032910954,0.0686604093592011
2.806,0.460870861893099,0.0686686776474544
2.808,0.496146224112434,0.0686773869952426
2.81,0.543143150927243,0.0686865369086207
2.812,0.488943617486448,0.0686961268914833
2.814,0.478862847792026,0.0687061564455743
2.816,0.528455390804882,0.0687166250704948
2.818,0.565867698202934,0.0687275322637105
2.82,0.549970779677111,0.0687388775205577
2.822,0.430901297471187,0.0687506603342479
2.824,0.368003455008206,0.0687628801958717
2.826,0.423610664903852,0.0687755365944013
2.828,0.461628863393512,0.068788629016692
2.83,0.530786246125009,0.0688021569474826
2.832,0.546075489155733,0.0688161198693941
2.834,0.471289189311932,0.0688305172629284
2.836,0.318894086982228,0.0688453486064651
2.838,0.365152901329293,0.0688606133762573
2.84,0.465496574426738,0.0688763110464263
2.842,0.559814885448431,0.0688924410889558
2.844,0.552971442455999,0.0689090029736843
2.846,0.603775760500986,0.0689259961682964
2.848,0.560253479129076,0.0689434201383141
2.85,0.54375759741586,0.0689612743470856
2.852,0.391026378170841,0.0689795582557741
2.854,0.28843340363614,0.0689982713233452
2.856,0.239648344993825,0.0690174130065533
2.858,0.295340814613458,0.0690369827599268
2.86,0.365751132348231,0.0690569800357531
2.862,0.272278946407567,0.0690774042840609
2.864,0.318996722417479,0.0690982549526035
2.866,0.188123911847193,0.0691195314868398
2.868,0.274246791066918,0.0691412333299146
2.87,0.230864118465007,0.0691633599226384
2.872,0.169115330482435,0.0691859107034653
2.874,0.236262137667279,0.0692088851084709
2.876,0.260790606285561,0.0692322825713284
2.878,0.258908701415075,0.0692561025232849
2.88,0.310669689933875,0.0692803443931352
2.882,0.367261437074,0.0693050076071959
2.884,0.410440952643065,0.0693300915892782
2.886,0.431869111943793,0.0693555957606595
2.888,0.546746100076855,0.0693815195400547
2.89,0.474662737516764,0.0694078623435857
2.892,0.477737594433491,0.069434623584751
2.894,0.420422065696733,0.0694618026743938
2.896,0.319648188782345,0.0694893990206688
2.898,0.489884887220747,0.0695174120290097
2.9,0.470656919487313,0.0695458411020939
2.902,0.328907212843528,0.0695746856398073
2.904,0.384058878688696,0.0696039450392086
2.906,0.450398718539802,0.0696336186944922
2.908,0.601367759072763,0.0696637059969498
2.91,0.718205078412732,0.0696942063349325
2.912,0.733021986592403,0.0697251190938107
2.914,0.752630026766501,0.069756443655934
2.916,0.81235144976608,0.0697881794005902
2.918,0.895897111394016,0.0698203257039628
2.92,0.881934071020037,0.069852881939089
2.922,0.84702839857823,0.0698858474758153
2.924,0.724082255558195,0.0699192216807538
2.926,0.793107857650671,0.0699530039172368
2.928,0.913749908047411,0.0699871935452708
2.93,0.968048203854997,0.0700217899214897
2.932,0.882902370080231,0.0700567923991079
2.934,0.972303838150499,0.0700922003278715
2.936,0.984644298582385,0.0701280130540096
2.938,0.980898250104647,0.0701642299201845
2.94,0.947521986871097,0.0702008502654414
2.942,0.991629377616953,0.070237873425157
2.944,0.949350393541893,0.070275298730988
2.946,0.98085091682767,0.070313125510818
2.948,1.00695357174436,0.0703513530887046
2.95,0.832298803880366,0.0703899807848252
2.952,0.767298024576186,0.0704290079154221
2.954,0.686174959876608,0.0704684337927476
2.956,0.849886394990782,0.0705082577250074
2.958,0.814933422155212,0.0705484790163043
2.96,0.803183466541963,0.0705890969665805
2.962,0.814119895847683,0.0706301108715593
2.964,0.754140014511081,0.0706715200226871
2.966,0.686578631371931,0.0707133237070731
2.968,0.804828010809633,0.0707555212074301
2.97,0.685874287205322,0.0707981118020133
2.972,0.736048022348135,0.0708410947645593
2.974,0.655742481265311,0.0708844693642242
2.976,0.632942227201079,0.0709282348655208
2.978,0.702337444416346,0.0709723905282559
2.98,0.567150802346898,0.0710169356074663
2.982,0.43788963288185,0.0710618693533548
2.984,0.353033121807142,0.0711071910112247
2.986,0.440817716330899,0.0711528998214152
2.988,0.542035645481923,0.0711989950192346
2.99,0.560778361741735,0.0712454758348944
2.992,0.605447921451521,0.0712923414934415
2.994,0.709711140396847,0.0713395912146911
2.996,0.828673292390097,0.0713872242131578
2.998,0.803266797448332,0.0714352396979876
3,0.762585170345864,0.0714836368728881
3.002,0.77019404057052,0.0715324149360588
3.004,0.69829296307957,0.0715815730801209
3.006,0.729750112506311,0.0716311104920464
3.008,0.738854009940559,0.0716810263530865
3.01,0.740817344886043,0.0717313198387005
3.012,0.829876850343661,0.0717819901184829
3.014,0.648465524770159,0.0718330363560909
3.016,0.511437787589375,0.0718844577091707
3.018,0.467265067613799,0.071936253329285
3.02,0.495396892187328,0.0719884223618372
3.022,0.519964026936696,0.0720409639459984
3.024,0.472920049728624,0.0720938772146314
3.026,0.396938716659525,0.0721471612942154
3.028,0.392888996125267,0.0722008153047707
3.03,0.457811983634071,0.0722548383597814
3.032,0.624496377326284,0.0723092295661199
3.034,0.487651336299387,0.0723639880239689
3.036,0.599588994546089,0.0724191128267444
3.038,0.403999384392686,0.0724746030610179
3.04,0.338808337805205,0.0725304578064377
3.042,0.356440863539148,0.0725866761356507
3.044,0.291410598343464,0.0726432571142237
3.046,0.39268282593956,0.0727001998005633
3.048,0.47813856465162,0.0727575032458373
3.05,0.517539330050006,0.0728151664938939
3.052,0.521287686787278,0.0728731885811818
3.054,0.489789044450042,0.0729315685366697
3.056,0.488932481235912,0.0729903053817648
3.058,0.606799953534666,0.0730493981302326
3.06,0.51008007431735,0.0731088457881145
3.062,0.362260370892061,0.0731686473536464
3.064,0.426661332456397,0.0732288018171769
3.066,0.570350493489472,0.0732893081610842
3.068,0.503397030783693,0.0733501653596945
3.07,0.529725069588364,0.0734113723791989
3.072,0.613710888499454,0.0734729281775695
3.074,0.635537133061967,0.0735348317044777
3.076,0.551091803614647,0.0735970819012092
3.078,0.543079998318994,0.0736596777005813
3.08,0.598086609522028,0.0737226180268586
3.082,0.706720999431535,0.073785901795669
3.084,0.65627316151929,0.0738495279139193
3.086,0.575181355524266,0.0739134952797108
3.088,0.591427052930275,0.0739778027822551
3.09,0.730413288845537,0.0740424493017887
3.092,0.644356624839613,0.0741074337094884
3.094,0.65215857215383,0.0741727548673863
3.096,0.719025623070899,0.0742384116282848
3.098,0.721022519046345,0.0743044028356709
3.1,0.730288998659873,0.0743707273236312
3.102,0.675273039364011,0.0744373839167661
3.104,0.432308152462334,0.0745043714301046
3.106,0.369917428898872,0.0745716886690185
3.108,0.388200570041376,0.0746393344291366
3.11,0.349162811373163,0.0747073074962592
3.112,0.173917481711168,0.074775606646272
3.114,0.115414701919845,0.0748442306450607
3.116,0.206272731416705,0.0749131782484247
3.118,0.111756876026246,0.0749824482019915
3.12,-0.00142921331863564,0.0750520392411309
3.122,-0.0555775240660643,0.075121950090869
3.124,0.0466904611633702,0.0751921794658024
3.126,-0.00250359093646538,0.0752627260700126
3.128,0.046991473148642,0.0753335885969798
3.13,0.00580505153577467,0.0754047657294977
3.132,0.057572800414643,0.0754762561395878
3.134,-0.0531352684898601,0.0755480584884134
3.136,-0.0194839597692187,0.0756201714261948
3.138,-0.0807651185988315,0.0756925935921233
3.14,-0.0732579462089756,0.0757653236142765
3.142,-0.139105538422823,0.0758383601095327
3.144,-0.0737703219171987,0.0759117016834862
3.146,-0.152980232280385,0.0759853469303622
3.148,-0.122743932509875,0.0760592944329327
3.15,-0.107523993763861,0.0761335427624312
3.152,-0.263035157004907,0.0762080904784687
3.154,-0.332586714135149,0.0762829361289498
3.156,-0.322512890935804,0.0763580782499884
3.158,-0.408558225321614,0.076433515365824
3.16,-0.308437565000942,0.0765092459887385
3.162,-0.436581582893214,0.0765852686189728
3.164,-0.418331511971906,0.0766615817446436
3.166,-0.406270458280547,0.076738183841661
3.168,-0.358462915995964,0.0768150733736461
3.17,-0.349810191688452,0.0768922487918484
3.172,-0.404192274380962,0.0769697085350644
3.174,-0.297658314592658,0.0770474510295562
3.176,-0.383541868821966,0.0771254746889696
3.178,-0.33461787808216,0.0772037779142542
3.18,-0.223425756143388,0.0772823590935823
3.182,-0.169881606345839,0.077361216602269
3.184,-0.223073158998317,0.0774403488026926
3.186,-0.162624325371626,0.0775197540442148
3.188,-0.284445184455491,0.0775994306631027
3.19,-0.32905396192472,0.0776793769824495
3.192,-0.29727029297065,0.077759591312097
3.194,-0.17953212975266,0.0778400719485577
3.196,-0.210831514309854,0.077920817174938
3.198,-0.209096945199063,0.0780018252608613
3.2,-0.174627863424641,0.0780830944623922
3.202,-0.168391976100908,0.0781646230219606
3.204,-0.0829260571238131,0.0782464091682869
3.206,-0.0783824373878712,0.0783284511163074
3.208,-0.0472116060199025,0.0784107470671001
3.21,0.00716545517377932,0.0784932952078116
3.212,0.0645163794449506,0.0785760937115843
3.214,0.0067940425978527,0.078659140737484
3.216,-0.130384659314516,0.0787424344304284
3.218,-0.114840358014473,0.0788259729211159
3.22,-0.156335311695134,0.0789097543259559
3.222,-0.0502824207845614,0.0789937767469985
3.224,0.0405630616506318,0.0790780382718659
3.226,0.00195275041241853,0.0791625369736838
3.228,-0.0225149150359382,0.0792472709110144
3.23,-0.0506149692022735,0.0793322381277886
3.232,-0.108330611583509,0.079417436653241
3.234,-0.12801523458471,0.0795028645018436
3.236,-0.0803995538810579,0.0795885196732418
3.238,-0.0906702518629491,0.0796744001521903
3.24,0.0727526202471283,0.0797605039084899
3.242,0.0584712549302403,0.0798468288969261
3.244,0.146213710856448,0.0799333730572067
3.246,0.151408193854806,0.0800201343139022
3.248,0.0459568114714389,0.0801071105763854
3.25,0.0979457976774003,0.0801942997387735
3.252,0.0806331575791406,0.0802816996798691
3.254,0.23464053319648,0.0803693082631044
3.256,0.154819353734901,0.0804571233364845
3.258,0.165241434927725,0.0805451427325325
3.26,0.22197716003342,0.0806333642682353
3.262,0.140351172807932,0.0807217857449907
3.264,0.0980371591657428,0.0808104049485552
3.266,0.0723264363982648,0.0808992196489926
3.268,0.134179668003666,0.0809882276006243
3.27,0.0685126266488392,0.0810774265419801
3.272,0.148437367712792,0.0811668141957502
3.274,0.121973124319199,0.0812563882687384
3.276,0.098308775255612,0.081346146451816
3.278,0.0728613116345725,0.0814360864198777
3.28,0.0669498147873206,0.0815262058317977
3.282,0.0592758585044195,0.0816165023303872
3.284,0.131454100192764,0.0817069735423532
3.286,0.169923657573445,0.0817976170782588
3.288,0.173720635932543,0.081888430532484
3.29,0.166722236662716,0.0819794114831885
3.292,0.192707296610257,0.0820705574922747
3.294,0.156358823338399,0.0821618661053529
3.296,0.162651722154714,0.0822533348517077
3.298,0.0959007827423559,0.082344961244265
3.3,0.0125646846633174,0.082436742779561
3.302,0.0695998493176223,0.082528676937712
3.304,0.103514539050528,0.0826207611823863
3.306,0.133583377097155,0.0827129929607764
3.308,0.243874978457779,0.0828053697035735
3.31,0.187598665867603,0.0828978888249429
3.312,0.214831089582635,0.0829905477225011
3.314,0.28720248031909,0.0830833437772938
3.316,0.142836303550578,0.0831762743537764
3.318,0.0874335349760679,0.0832693367997946
3.32,-0.00890555342176397,0.0833625284465674
3.322,-0.0641995206279012,0.0834558466086717
3.324,0.0649222985381264,0.0835492885840277
3.326,0.246318766580029,0.0836428516538866
3.328,0.185328695291332,0.083736533082819
3.33,0.136171162200823,0.083830330118706
3.332,0.260107629242837,0.0839242399927305
3.334,0.272241214867043,0.0840182599193715
3.336,0.332100519071239,0.0841123870963993
3.338,0.34579367820861,0.0842066187048722
3.34,0.571715920517768,0.084300951909135
3.342,0.570057375152686,0.0843953838568199
3.344,0.584022489494394,0.0844899116788476
3.346,0.642702299309688,0.084584532489432
3.348,0.57951788724729,0.0846792433860846
3.35,0.622053669176652,0.0847740414496224
3.352,0.680346765586069,0.0848689237441766
3.354,0.619713824786083,0.0849638873172032
3.356,0.555153872612456,0.0850589291994958
3.358,0.622116720885493,0.0851540464051998
3.36,0.643970783278665,0.0852492359318287
3.362,0.660847736588501,0.0853444947602818
3.364,0.777667782014621,0.0854398198548648
3.366,0.823061119416363,0.0855352081633109
3.368,0.878331836939916,0.0856306566168048
3.37,0.904944433252306,0.0857261621300088
3.372,0.86164265280768,0.0858217216010896
3.374,0.932092617779676,0.0859173319117483
3.376,1.03018071226434,0.086012989927252
3.378,1.20395907078869,0.0861086924964671
3.38,1.23748149360438,0.086204436451895
3.382,1.31584041609174,0.0863002186097097
3.384,1.2640374287117,0.0863960357697969
3.386,1.34546382097486,0.0864918847157965
3.388,1.32587311106588,0.086587762215146
3.39,1.40799071541196,0.086683665019126
3.392,1.31764806446131,0.0867795898629085
3.394,1.3125038858057,0.086875533465607
3.396,1.32321624367035,0.0869714925303289
3.398,1.24350012517344,0.0870674637442292
3.4,1.12099574336413,0.087163443778568
3.402,1.19090556186976,0.0872594292887684
3.404,1.22111536840814,0.0873554169144781
3.406,1.22801150276869,0.0874514032796325
3.408,1.16961957217645,0.0875473849925195
3.41,1.05796392210456,0.0876433586458483
3.412,1.06980045370495,0.0877393208168184
3.414,1.17979912649594,0.0878352680671922
3.416,1.27467042426673,0.0879311969433698
3.418,1.30833235432718,0.0880271039764652
3.42,1.43776190582762,0.0881229856823865
3.422,1.29411279059282,0.0882188385619163
3.424,1.3471952948184,0.0883146591007966
3.426,1.35441040262064,0.0884104437698144
3.428,1.40061539164326,0.0885061890248906
3.43,1.53237671478351,0.0886018913071712
3.432,1.57093386774349,0.0886975470431208
3.434,1.63202166326689,0.0887931526446181
3.436,1.65042231015418,0.0888887045090548
3.438,1.72514511089829,0.088984199019436
3.44,1.6865864282945,0.0890796325444838
3.442,1.74093582854184,0.0891750014387428
3.444,1.7823633312868,0.0892703020426886
3.446,1.82931801752257,0.0893655306828386
3.448,1.9541509109288,0.089460683671865
3.45,1.99630223639118,0.0895557573087109
3.452,2.11943459105603,0.0896507478787086
3.454,2.19391194575454,0.0897456516537007
3.456,2.28172574121223,0.0898404648921631
3.458,2.24025814910139,0.0899351838393319
3.46,2.25249048950815,0.0900298047273312
3.462,2.1871449902678,0.090124323775305
3.464,2.16728453345061,0.0902187371895508
3.466,2.1063161907627,0.0903130411636563
3.468,2.06526536117955,0.0904072318786384
3.47,2.10453567854266,0.0905013055030849
3.472,2.05894187170742,0.0905952581932993
3.474,2.0724282444064,0.0906890860934475
3.476,2.08105278405888,0.0907827853357078
3.478,2.22952326964876,0.0908763520404232
3.48,2.28616645698281,0.0909697823162568
3.482,2.37252718125415,0.0910630722603493
3.484,2.36183211598028,0.0911562179584799
3.486,2.28003712350526,0.0912492154852291
3.488,2.27527492336015,0.091342060904145
3.49,2.14376308515016,0.091434750267912
3.492,2.05948768235713,0.091527279618522
3.494,2.11443107348653,0.0916196449874487
3.496,2.04953442610696,0.0917118423958244
3.498,2.09439665788159,0.09180386785462
3.5,2.02708775692932,0.0918957173648267
3.502,2.06477837487958,0.0919873869176421
3.504,2.19658520548151,0.0920788724946572
3.506,2.2141891799527,0.0921701700680476
3.508,2.26782217819299,0.0922612756007672
3.51,2.2002233015157,0.0923521850467437
3.512,2.13330433094084,0.0924428943510782
3.514,2.13274635050953,0.0925333994502471
3.516,2.08397240194457,0.092623696272306
3.518,2.06083420982688,0.092713780737098
3.52,1.99672885425874,0.0928036487564629
3.522,2.1032892634621,0.0928932962344509
3.524,2.0615768647892,0.0929827190675379
3.526,2.16927359247325,0.0930719131448444
3.528,2.19986820546543,0.0931608743483563
3.53,2.18922667372826,0.0932495985531495
3.532,2.1831135205142,0.0933380816276164
3.534,2.0876003020479,0.0934263194336959
3.536,2.01427678868231,0.0935143078271057
3.538,2.05342553393849,0.0936020426575774
3.54,2.06569134844625,0.0936895197690949
3.542,2.04909891649771,0.0937767350001348
3.544,1.94028557623584,0.0938636841839101
3.546,1.95342173074824,0.0939503631486167
3.548,2.09265764424827,0.0940367677176823
3.55,2.05232560489715,0.0941228937100182
3.552,2.09632969284526,0.0942087369402744
3.554,2.03339979711708,0.0942942932190963
3.556,2.09991754157119,0.0943795583533849
3.558,2.02593280271623,0.0944645281465602
3.56,2.09961077218044,0.0945491983988262
3.562,2.00260098071042,0.0946335649074393
3.564,2.01650801789272,0.0947176234669794
3.566,1.97067097896941,0.0948013698696233
3.568,1.861206481877,0.0948847999054215
3.57,1.83090839920602,0.0949679093625768
3.572,1.90096726810771,0.0950506940277263
3.574,1.74989793575239,0.0951331496862255
3.576,1.87404534701198,0.0952152721224358
3.578,1.8330446918219,0.0952970571200134
3.58,1.86962203456303,0.0953785004622024
3.582,1.81540573580344,0.0954595979321289
3.584,1.76358660007763,0.0955403453130989
3.586,1.76002224899067,0.0956207383888983
3.588,1.68743967955951,0.0957007729440955
3.59,1.67219643734968,0.0957804447643461
3.592,1.64988235305551,0.0958597496367011
3.594,1.61672945301862,0.095938683349917
3.596,1.56212428229536,0.0960172416947681
3.598,1.48154576020614,0.0960954204643621
3.6,1.31633403205486,0.0961732154544571
3.602,1.32616333064755,0.0962506224637822
3.604,1.23789056941804,0.0963276372943598
3.606,1.17116722584036,0.09640425575183
3.608,1.26418578419835,0.0964804736457783
3.61,1.39759426678443,0.096556286790065
3.612,1.31354736336934,0.0966316910031567
3.614,1.28212544254853,0.0967066821084612
3.616,1.19120660666193,0.096781255934663
3.618,1.14355176815547,0.0968554083160631
3.62,1.19022700641403,0.0969291350929187
3.622,1.08135052129589,0.0970024321117875
3.624,1.0954024094311,0.0970752952258719
3.626,1.08035695045622,0.097147720295367
3.628,1.13325883600306,0.0972197031878105
3.63,1.05100005689197,0.0972912397784334
3.632,1.14207915530688,0.0973623259505145
3.634,1.16020956688448,0.0974329575957356
3.636,1.14970994055025,0.0975031306145393
3.638,1.16917009005213,0.0975728409164889
3.64,1.17270441366177,0.0976420844206297
3.642,1.21635228407913,0.0977108570558527
3.644,1.0946755608724,0.0977791547612595
3.646,0.98537439507528,0.0978469734865304
3.648,0.984661672763281,0.097914309192292
3.65,1.00322527763742,0.0979811578504892
3.652,0.971286814117645,0.0980475154447568
3.654,0.874729233917031,0.0981133779707938
3.656,0.811737469810809,0.0981787414367392
3.658,0.65748450451071,0.0982436018635496
3.66,0.649900991811709,0.0983079552853773
3.662,0.507355389429882,0.0983717977499516
3.664,0.421004404919549,0.09843512531896
3.666,0.313605417523739,0.0984979340684318
3.668,0.349763983316206,0.0985602200891232
3.67,0.397955688978433,0.0986219794869025
3.672,0.362128047803127,0.098683208383138
3.674,0.265812159090728,0.0987439029150865
3.676,0.301068728421219,0.0988040592362833
3.678,0.377781472458459,0.0988636735169327
3.68,0.397929085156969,0.0989227419443007
3.682,0.484247453662808,0.0989812607231076
3.684,0.344232827329878,0.0990392260759226
3.686,0.263610039341313,0.0990966342435587
3.688,0.178139773644269,0.0991534814854688
3.69,0.209216899060924,0.0992097640801429
3.692,0.152112653431402,0.0992654783255052
3.694,0.180772620635167,0.0993206205393133
3.696,0.190822038735309,0.0993751870595571
3.698,0.194328526450179,0.0994291742448587
3.7,0.18864913782447,0.0994825784748728
3.702,0.233181249262031,0.0995353961506875
3.704,0.216859010859173,0.0995876236952267
3.706,0.240685362784362,0.0996392575536505
3.708,0.319619110939691,0.099690294193759
3.71,0.381129327081228,0.099740730106394
3.712,0.308384325423596,0.0997905618058419
3.714,0.352677637753956,0.0998397858302372
3.716,0.276901785442221,0.0998883987419653
3.718,0.351234855181973,0.0999363971280659
3.72,0.290349164030283,0.0999837776006362
3.722,0.317285702857991,0.100030536797234
3.724,0.24034384400455,0.100076671381281
3.726,0.285101164899657,0.100122178042465
3.728,0.162998472644473,0.100167053497145
3.73,0.157030879857362,0.10021129448875
3.732,0.213731948361218,0.100254897788182
3.734,0.360852073235102,0.10029786019422
3.736,0.41558369995178,0.100340178533919
3.738,0.445686496538207,0.10038184966301
3.74,0.411633662523698,0.100422870466299
3.742,0.393057073398917,0.100463237858072
3.744,0.380200866298693,0.100502948782483
3.746,0.391240297104743,0.100542000213963
3.748,0.240637681410224,0.100580389157606
3.75,0.297285199478264,0.100618112649572
3.752,0.349606562476853,0.100655167757478
3.754,0.226425491744031,0.100691551580792
3.756,0.0976270156822221,0.100727261251226
3.758,0.0939304398261261,0.100762293933124
3.76,0.132878445198125,0.100796646823856
3.762,0.148574547775608,0.100830317154201
3.764,0.0102156799027562,0.100863302188738
3.766,-0.0934334102966654,0.100895599226228
3.768,-0.119563722397064,0.100927205599997
3.77,-0.259832336838193,0.100958118678322
3.772,-0.389058873746908,0.100988335864805
3.774,-0.388285311564152,0.101017854598753
3.776,-0.455828738253552,0.101046672355556
3.778,-0.473139401001688,0.101074786647059
3.78,-0.597467818257416,0.101102195021931
3.782,-0.665442265675023,0.101128895066041
3.784,-0.565989015352796,0.101154884402821
3.786,-0.590354781418668,0.101180160693629
3.788,-0.560275192990019,0.101204721638117
3.79,-0.626193008554078,0.101228564974588
3.792,-0.468958768730338,0.101251688480351
3.794,-0.366081496715493,0.101274089972082
3.796,-0.346322814492733,0.101295767306168
3.798,-0.341126776393403,0.101316718379065
3.8,-0.361166941399722,0.101336941127636
3.802,-0.348054941297669,0.101356433529501
3.804,-0.388434379400548,0.101375193603372
3.806,-0.423922331102631,0.101393219409395
3.808,-0.433053935764045,0.101410509049479
3.81,-0.415994553060781,0.101427060667629
3.812,-0.487562280757453,0.101442872450276
3.814,-0.438120915971698,0.101457942626594
3.816,-0.434646898209142,0.101472269468827
3.818,-0.331352717483817,0.101485851292602
3.82,-0.324846977278478,0.101498686457243
3.822,-0.339199464742663,0.101510773366078
3.824,-0.291493781072957,0.101522110466748
3.826,-0.339594494261402,0.101532696251507
3.828,-0.418884704756434,0.101542529257516
3.83,-0.463190415801947,0.101551608067141
3.832,-0.604959466938071,0.10155993130824
3.834,-0.490487505505987,0.101567497654449
3.836,-0.566109479177811,0.101574305825458
3.838,-0.500779579547706,0.101580354587295
3.84,-0.363707381945901,0.10158564275259
3.842,-0.283298125620506,0.101590169180846
3.844,-0.222864882807644,0.101593932778703
3.846,-0.220161112671109,0.10159693250019
3.848,-0.215892031867134,0.101599167346986
3.85,-0.308350906680822,0.101600636368658
3.852,-0.262029841246067,0.101601338662916
3.854,-0.262057438204283,0.101601273375841
3.856,-0.279737301965645,0.101600439702123
3.858,-0.358802974053021,0.10159883688529
3.86,-0.325114492644916,0.101596464217927
3.862,-0.476380288946489,0.101593321041897
3.864,-0.480957167582201,0.101589406748551
3.866,-0.380387896873692,0.101584720778934
3.868,-0.418700935176271,0.101579262623991
3.87,-0.373734058058792,0.101573031824756
3.872,-0.350122607360403,0.101566027972546
3.874,-0.426896458476375,0.101558250709146
3.876,-0.561074479347161,0.101549699726985
3.878,-0.507712700516057,0.101540374769309
3.88,-0.473932229295962,0.101530275630351
3.882,-0.402993066199049,0.101519402155487
3.884,-0.386082617288602,0.101507754241395
3.886,-0.360257680601974,0.101495331836202
3.888,-0.229915849963015,0.101482134939628
3.89,-0.232178419601779,0.101468163603118
3.892,-0.344883155463656,0.101453417929979
3.894,-0.347133446099539,0.1014378980755
3.896,-0.305689419906184,0.101421604247068
3.898,-0.34184553763295,0.101404536704284
3.9,-0.404396554272363,0.101386695759063
3.902,-0.305427235533311,0.101368081775735
3.904,-0.316292143792974,0.101348695171135
3.906,-0.348972326064791,0.101328536414689
3.908,-0.366886881962046,0.101307606028492
3.91,-0.262709962733099,0.101285904587377
3.912,-0.275841195094431,0.101263432718987
3.914,-0.262764214672688,0.101240191103825
3.916,-0.389234661069727,0.101216180475308
3.918,-0.465270319063123,0.101191401619813
3.92,-0.457124607367874,0.101165855376713
3.922,-0.540286281687934,0.101139542638407
3.924,-0.580787387246743,0.101112464350345
3.926,-0.679317917621282,0.10108462151104
3.928,-0.646005376983304,0.101056015172084
3.93,-0.712098363190665,0.101026646438145
3.932,-0.776851777448271,0.100996516466964
3.934,-0.780211122596718,0.100965626469342
3.936,-0.798146357603488,0.100933977709121
3.938,-0.768852897002451,0.100901571503158
3.94,-0.676852440291399,0.100868409221292
3.942,-0.620461161393483,0.100834492286301
3.944,-0.574006383070492,0.100799822173854
3.946,-0.564737489317558,0.100764400412456
3.948,-0.638661144128064,0.100728228583387
3.95,-0.55605567771629,0.100691308320628
3.952,-0.534457689193569,0.100671581547158
3.954,-0.462393299871254,0.100651343116724
3.956,-0.475611944305374,0.100630596853391
3.958,-0.585891464132318,0.100609346646517
3.96,-0.630999079974839,0.100587596450808
3.962,-0.577794569049953,0.100565350286376
3.964,-0.597093942646514,0.100542612238793
3.966,-0.490874392677607,0.100519386459133
3.968,-0.583865445117463,0.100495677164027
3.97,-0.435218306539084,0.100471488635702
3.972,-0.476886163320936,0.10044682522202
3.974,-0.360967949654395,0.100421691336519
3.976,-0.474301876905812,0.100396091458451
3.978,-0.492460617066568,0.100370030132807
3.98,-0.559004979448103,0.100343511970357
3.982,-0.613655009708269,0.10031654164767
3.984,-0.664570855572058,0.100289123907147
3.986,-0.638872724071391,0.10026126355704
3.988,-0.580181710218532,0.100232965471477
3.99,-0.405845157225524,0.100204234590479
3.992,-0.453969439754117,0.100175075919981
3.994,-0.423257027234069,0.100145494531848
3.996,-0.395764013648919,0.100115495563885
3.998,-0.310401224176106,0.100085084219859
4,-0.388656227706345,0.100054265769501
