index,t,objective,peak
251,0.5,0.0918603462569003,0.0465443878967378
252,0.502,0.0907748214740677,0.047116900387681
253,0.504,0.0918092336690102,0.0476966851950249
254,0.506,0.0906815088643597,0.0482838318659798
255,0.508,0.0916417059253223,0.0488784309249023
256,0.51,0.0905963790602988,0.0494805738805763
257,0.512,0.0916015638757391,0.0500903532334975
258,0.514,0.0904319843527324,0.0507078624831021
259,0.516,0.0911957016763778,0.0513331961349588
260,0.518,0.0902783391991758,0.0519664497079401
261,0.52,0.0911513036576177,0.0526077197413091
262,0.522,0.0902014435217216,0.0532571038018182
263,0.524,0.0909840940431889,0.0539147004907006
264,0.526,0.0899457217502234,0.0545806094506408
265,0.528,0.0908412589250753,0.0552549313726706
266,0.53,0.08988435556574,0.0559377680030304
267,0.532,0.0906898628319124,0.0566292221499383
268,0.534,0.0896480860149577,0.0573293976903081
269,0.536,0.0904346383246113,0.0580383995763945
270,0.538,0.0893426345915299,0.0587563338423438
271,0.54,0.0899286309839412,0.0594833076107254
272,0.542,0.0886110040416584,0.0602194290988895
273,0.544,0.0889439365761729,0.0609648076253175
274,0.546,0.0874529829020985,0.0617195536158506
275,0.548,0.0878708634997897,0.0624837786098183
276,0.55,0.0863426814106466,0.0632575952660821
277,0.552,0.0870056630165987,0.064041117368963
278,0.554,0.0855697242952404,0.0648344598340685
279,0.556,0.0864163825739631,0.0656377387140171
280,0.558,0.0850540253681927,0.0664510712040298
281,0.56,0.0861156338422947,0.0672745756474003
282,0.562,0.0849148465104476,0.0681083715408604
283,0.564,0.0859981399707887,0.0689525795397815
284,0.566,0.0845406072245457,0.0698073214632784
285,0.568,0.0852706138910366,0.0706727202991462
286,0.57,0.0836707385872972,0.071548900208643
287,0.572,0.0841048865062823,0.0724359865311647
288,0.574,0.082989743776802,0.0733341057887164
289,0.576,0.0837335689437251,0.0742433856902355
290,0.578,0.0826670555083886,0.0751639551357825
291,0.58,0.0835231127335473,0.0760959442205048
292,0.582,0.082620657968403,0.0770394842384502
293,0.584,0.0834520162427368,0.0779947076862093
294,0.586,0.0822229513947798,0.078961748266342
295,0.588,0.0825529970457322,0.0799407408906216
296,0.59,0.0812238493042991,0.0809318216830743
297,0.592,0.0817620347297063,0.0819351279828251
298,0.594,0.0800632048851658,0.0829507983466901
299,0.596,0.0798137401148509,0.0839789725515961
300,0.598,0.0778388257132685,0.0850197915967646
301,0.6,0.0775049194090951,0.0860733977056203
302,0.602,0.0756326637903342,0.0871399343275211
303,0.604,0.0746873228689686,0.0882195461391994
304,0.606,0.0731269564530567,0.0893123790459561
305,0.608,0.0720435214515042,0.0904185801826398
306,0.61,0.0701376168544633,0.0915382979142749
307,0.612,0.0686774012946746,0.0926716818365131
308,0.614,0.0667553822002577,0.0938188827757394
309,0.616,0.0659907275472434,0.094980052788869
310,0.618,0.0640266935975999,0.0961553451629868
311,0.62,0.0632047466317237,0.0973449144144903
312,0.622,0.0611074275552151,0.0985489162880861
313,0.624,0.0612113812480857,0.0997675077553897
314,0.626,0.0595989155257683,0.101000847013206
315,0.628,0.0587832092316975,0.102249093481512
316,0.63,0.0566164326154736,0.103512407801078
317,0.632,0.0577380771428627,0.100172348671214
318,0.634,0.0560048037646281,0.101418386410041
319,0.636,0.0544026447922555,0.102679632621378
320,0.638,0.0526649961839042,0.103956254912788
321,0.64,0.0515226662471125,0.105248422268113
322,0.642,0.0500704121650225,0.106556305047631
323,0.644,0.0494747036360786,0.107880074988066
324,0.646,0.0479399473715227,0.109219905202134
325,0.648,0.0478476333729947,0.110575970177873
326,0.65,0.0465406268956213,0.111948445777587
327,0.652,0.0464840898207535,0.113337509236482
328,0.654,0.0450512746650564,0.114743339160931
329,0.656,0.0442910365124854,0.116166115526422
330,0.658,0.0418404246032483,0.117606019675131
331,0.66,0.0407962543363889,0.119063234313097
332,0.662,0.0382803984503519,0.120537943507059
333,0.664,0.0373322621542872,0.122030332680911
334,0.666,0.0354269140056475,0.123540588611733
335,0.668,0.0402143787307613,0.104893637994527
336,0.67,0.0398086960720339,0.101790508636101
337,0.672,0.0409677182523217,0.0955639395636245
338,0.674,0.043310651202077,0.0870327125550968
339,0.676,0.043752842428683,0.0836168568430388
340,0.678,0.0439162214079434,0.0805176883756075
341,0.68,0.0427025971703823,0.0815160979674416
342,0.682,0.0409999772597187,0.0825264452510114
343,0.684,0.0640173957552527,0.0511836954722116
344,0.686,0.091779020622034,0.0354287636391854
345,0.688,0.0999355356179431,0.0321879092389242
346,0.69,0.0996149306967561,0.0325891303682003
347,0.692,0.0974514234485837,0.0329951897269274
348,0.694,0.099085289868085,0.0324076646476901
349,0.696,0.0973631298177628,0.0328117229747432
350,0.698,0.0968049801184171,0.0332206492668546
351,0.7,0.0954307333029184,0.0336344957223481
352,0.702,0.0943013503245177,0.0340533149486386
353,0.704,0.0963543382148704,0.0328391555058147
354,0.706,0.104797345460847,0.0302133314462541
355,0.708,0.102704792356277,0.0305918937542532
356,0.71,0.10143144700853,0.030975051434426
357,0.712,0.100835682371916,0.0313628547043958
358,0.714,0.100739942620722,0.0317553542033538
359,0.716,0.0996359090991754,0.0321526009929508
360,0.718,0.0982872183282947,0.0325546465581215
361,0.72,0.0960334742783411,0.0329615428078468
362,0.722,0.0947795041475003,0.0333733420758611
363,0.724,0.0928713327570217,0.0337900971212889
364,0.726,0.0921997963768903,0.03421186112921
365,0.728,0.0905891147795353,0.0346386877111687
366,0.73,0.0895545174572063,0.0350706309055995
367,0.732,0.0877973427319708,0.0355077451782085
368,0.734,0.0870108658071944,0.0359500854222373
369,0.736,0.0860663430989101,0.0363977069587021
370,0.738,0.0852469532271135,0.0368506655365227
371,0.74,0.0832801118386055,0.0373090173325899
372,0.742,0.0823181002178483,0.037772818951751
373,0.744,0.0806264402276199,0.0382421274267115
374,0.746,0.0798984918666423,0.0387170002178596
375,0.748,0.0783564282801867,0.0391974952130052
376,0.75,0.0776193447436531,0.0396836707270295
377,0.752,0.0762901707878216,0.0401755855014532
378,0.754,0.0753547515329789,0.0406732987039162
379,0.756,0.0735547973453629,0.041176869927558
380,0.758,0.0719494520243081,0.0416863591903202
381,0.76,0.100972848123575,0.0292240096266223
382,0.762,0.0998706672520179,0.0295862923792277
383,0.764,0.116528996428755,0.0250092035382071
384,0.766,0.116374798780717,0.0253242883171017
385,0.768,0.11453421477795,0.0256432097739701
386,0.77,0.115431767330919,0.0259660106227408
387,0.772,0.114111502857357,0.0262927339734762
388,0.774,0.114969294830452,0.0266234233346712
389,0.776,0.1134499974847,0.0269581226155429
390,0.778,0.114395476448212,0.0272968761283114
391,0.78,0.113279414568126,0.0276397285904647
392,0.782,0.114108686936688,0.027986725127019
393,0.784,0.112673515218698,0.0283379112727609
394,0.786,0.113419500437985,0.0286933329744834
395,0.788,0.112044108925734,0.0290530365932023
396,0.79,0.112493397815551,0.029417068906365
397,0.792,0.111113120092365,0.0297854771100415
398,0.794,0.111638795513545,0.0301583088210992
399,0.796,0.110323862133998,0.0305356120793716
400,0.798,0.110856514442351,0.0309174353497992
401,0.8,0.109632430476777,0.0313038275245665
402,0.802,0.109816213052875,0.0316948379252081
403,0.804,0.107712441094254,0.0320905163047107
404,0.806,0.107583022522418,0.0324909128495912
405,0.808,0.105947719564117,0.0328960781819558
406,0.81,0.106625460493261,0.0333060633615388
407,0.812,0.105656114676966,0.0337209198877294
408,0.814,0.106550876722116,0.0341406997015676
409,0.816,0.105607710803581,0.0345654551877254
410,0.818,0.106490684273568,0.0349952391764671
411,0.82,0.105460187072639,0.0354301049455834
412,0.822,0.106429337086923,0.0358701062223067
413,0.824,0.105358904033869,0.0363152971852004
414,0.826,0.106112488352066,0.0367657324660242
415,0.828,0.105247562801706,0.0372214671515776
416,0.83,0.106028228411981,0.0376825567855138
417,0.832,0.105214293436151,0.0381490573701311
418,0.834,0.106001783756081,0.0386210253681355
419,0.836,0.10519020987745,0.0390985177043769
420,0.838,0.105885188396607,0.0395815917675579
421,0.84,0.104856301912639,0.0400703054119108
422,0.842,0.105594630988036,0.0405647169588506
423,0.844,0.104320878227681,0.0410648851985936
424,0.846,0.104922434833833,0.0415708693917451
425,0.848,0.103655950201334,0.0420827292708585
426,0.85,0.104375954053471,0.0426005250419631
427,0.852,0.103215551196041,0.0431243173860501
428,0.854,0.103561746214151,0.0436541674605402
429,0.856,0.102228278641012,0.0441901369007005
430,0.858,0.102676647053911,0.0447322878210398
431,0.86,0.101387017721559,0.0452806828166602
432,0.862,0.101690675253856,0.045835384964573
433,0.864,0.100324530922205,0.0463964578249844
434,0.866,0.100695089472892,0.0469639654425306
435,0.868,0.0997249802491637,0.0475379723474871
436,0.87,0.100147545063736,0.0481185435569283
437,0.872,0.0993427738055014,0.0487057445758554
438,0.874,0.0999726132882598,0.0492996413982755
439,0.876,0.0992761529551438,0.049900300508246
440,0.878,0.0999560417631097,0.0505077888808696
441,0.88,0.0992544338165126,0.0511221739832527
442,0.882,0.0999264796872155,0.0517435237754135
443,0.884,0.0992431574964935,0.0523719067111514
444,0.886,0.0999168962873804,0.0530073917388639
445,0.888,0.099217450841362,0.0536500483023238
446,0.89,0.0998612264218863,0.0542999463414047
447,0.892,0.0990413422407599,0.0549571562927598
448,0.894,0.0995498168929789,0.0556217490904511
449,0.896,0.0985394560347219,0.0562937961665322
450,0.898,0.0989802694070844,0.0569733694515775
451,0.9,0.0982041201118026,0.0576605413751577
452,0.902,0.0986523340162746,0.0583553848662702
453,0.904,0.0978545597903688,0.0590579733537101
454,0.906,0.0984534736361326,0.0597683807663949
455,0.908,0.0976683166343519,0.0604866815336247
456,0.91,0.0980494702915565,0.061212950585296
457,0.912,0.0971940344139914,0.0619472633520524
458,0.914,0.0977249656415656,0.0626896957653862
459,0.916,0.0968233206389986,0.0634403242576762
460,0.918,0.0970106266507997,0.0641992257621681
461,0.92,0.0960246952527076,0.0649664777128914
462,0.922,0.0959368345950846,0.0657421580445369
463,0.924,0.0948026954838232,0.0665263451922273
464,0.926,0.0947483692746824,0.0673191180912893
465,0.928,0.0935585852949769,0.0681205561769076
466,0.93,0.0936123406892449,0.06893073938374
467,0.932,0.0922108171751106,0.0697497481454694
468,0.934,0.091729437325521,0.0705776633942839
469,0.936,0.0899634977712061,0.0714145665602949
470,0.938,0.0892754445078498,0.0722605395708791
471,0.94,0.0875385890468249,0.0731156648499776
472,0.942,0.0868522167348656,0.0739800253172838
473,0.944,0.0847004012906845,0.0748537043874092
474,0.946,0.0842676655976814,0.0757367859689476
475,0.948,0.0821167075010385,0.0766293544634795
476,0.95,0.0808890398521422,0.0775314947644984
477,0.952,0.0791292636464566,0.0784432922562784
478,0.954,0.0786158543336588,0.0793648328126584
479,0.956,0.0773362281627234,0.0802962027957318
480,0.958,0.076341995527569,0.0812374890545202
481,0.96,0.0747929787981629,0.0821887789234921
482,0.962,0.0739361232526413,0.0831501602210771
483,0.964,0.0730117279458514,0.0841217212480494
484,0.966,0.0721321786964252,0.085103550785878
485,0.968,0.0702676493398101,0.0860957380949484
486,0.97,0.0690323842034267,0.0870983729127545
487,0.972,0.0671248985371355,0.0881115454519689
488,0.974,0.0679316563727005,0.0856233296590554
489,0.976,0.0679158916005187,0.0840356619370354
490,0.978,0.0781156299664163,0.072189213783092
491,0.98,0.0771451214113756,0.0730287037427777
492,0.982,0.0756384656510662,0.0738770163140896
493,0.984,0.0746760909793107,0.0747342280377271
494,0.986,0.0735462061182558,0.0756004158765342
495,0.988,0.0728194288621953,0.0764756572144017
496,0.99,0.0716115712295369,0.0773600298551263
497,0.992,0.0703267522959925,0.0782536120211887
498,0.994,0.0689619591148011,0.0791564823524948
499,0.996,0.0672736949250252,0.0800687199050445
500,0.998,0.0659110029174744,0.0809904041495432
501,1,0.0635515968795895,0.0819216149699602
502,1.002,0.0741057100547584,0.0693879417288942
503,1.004,0.0924346009152899,0.0546200052611874
504,1.006,0.105374995616278,0.0477905687187706
505,1.008,0.133331183501335,0.0373209976193416
506,1.01,0.132346597408445,0.037748977245361
507,1.012,0.141284334619482,0.0349784163397612
508,1.014,0.146078020828033,0.0340364915081321
509,1.016,0.143206506799136,0.0344259538360537
510,1.018,0.142487893951406,0.0348194146508188
511,1.02,0.165028362179662,0.0297730325577731
512,1.022,0.165268911618997,0.0301141717904937
513,1.024,0.163141231826961,0.0304588319698137
514,1.026,0.163905176037553,0.0308070432968221
515,1.028,0.162038281844092,0.0311588361487049
516,1.03,0.16301464905149,0.0315142410787766
517,1.032,0.160731558832984,0.0318732888164935
518,1.034,0.161466146314205,0.0322360102674619
519,1.036,0.159072536332856,0.0326024365134261
520,1.038,0.159476355612081,0.03297259881225
521,1.04,0.157047475652102,0.0333465285978801
522,1.042,0.156640420473907,0.0337242574802977
523,1.044,0.154789180031216,0.0341058172454597
524,1.046,0.154422975062176,0.0344912398552229
525,1.048,0.152441716614197,0.0348805574472554
526,1.05,0.152023008242589,0.0352738023349378
527,1.052,0.150337231209915,0.0356710070072452
528,1.054,0.15015507957586,0.0360722041286206
529,1.056,0.148299854042091,0.0364774265388315
530,1.058,0.147711604699027,0.0368867072528139
531,1.06,0.145021964496903,0.037300079460501
532,1.062,0.144267754714717,0.0377175765266395
533,1.064,0.141492412007125,0.0381392319905919
534,1.066,0.141790113166125,0.0381874559009897
535,1.068,0.157063951470994,0.0342140264885693
536,1.07,0.157122325609972,0.03459667234385
537,1.072,0.155111290386998,0.0349831364585658
538,1.074,0.154610868975054,0.0353734501872261
539,1.076,0.152096801297042,0.0357676450582928
540,1.078,0.152007015606947,0.0361657527742618
541,1.08,0.149730368085145,0.0365678052117332
542,1.082,0.149923850477363,0.0369738344214754
543,1.084,0.147419751804908,0.0373838726284769
544,1.086,0.146814727558045,0.037797952231993
545,1.088,0.144232052747105,0.0382161058055783
546,1.09,0.143926937021638,0.0386383660971157
547,1.092,0.142336216320831,0.0390647660288306
548,1.094,0.142511962136639,0.0394953386973006
549,1.096,0.140555804706457,0.0399301173734516
550,1.098,0.140409430738131,0.0403691355025491
551,1.1,0.138499187448226,0.0408124267041757
552,1.102,0.137787192514094,0.0412600247722015
553,1.104,0.135644863299576,0.041711963674745
554,1.106,0.189309369074241,0.0299329342375547
555,1.108,0.187914212834356,0.0302639766368244
556,1.11,0.187249710879441,0.0305983006495733
557,1.112,0.186400788950242,0.0309359337822605
558,1.114,0.186365298125376,0.0312769037196171
559,1.116,0.185991483010639,0.0316212383254562
560,1.118,0.186142868300516,0.0319689656434844
561,1.12,0.18583372798547,0.0323201138981198
562,1.122,0.185993554196154,0.032674711495318
563,1.124,0.185746369876537,0.0330327870233955
564,1.126,0.185976431825522,0.033394369253869
565,1.128,0.185728150188157,0.0337594871422909
566,1.13,0.185906377456677,0.0341281698290857
567,1.132,0.185700035843489,0.0345004466404158
568,1.134,0.185886158882264,0.0348763470890162
569,1.136,0.185660147848554,0.0352559008750759
570,1.138,0.185871119881258,0.0356391378870771
571,1.14,0.185591548846877,0.0360260882026903
572,1.142,0.185663184836705,0.0364167820896474
573,1.144,0.185504904121891,0.0368112500066123
574,1.146,0.185639729593868,0.0372095226040744
575,1.148,0.185495018681338,0.0376116307252561
576,1.15,0.185598460828775,0.0380176054070053
577,1.152,0.185386347881374,0.0384274778807049
578,1.154,0.185445904310018,0.0388412795731799
579,1.156,0.185230992123765,0.0392590421076387
580,1.158,0.185219055516966,0.0396807973045766
581,1.16,0.185039814889002,0.0401065771827341
582,1.162,0.185107021907511,0.0405364139600169
583,1.164,0.184936625457852,0.0409703400544643
584,1.166,0.185085977713057,0.0414083880851919
585,1.168,0.184938131259063,0.0418505908733634
586,1.17,0.185084652014655,0.042296981443159
587,1.172,0.184924993057705,0.0427475930227499
588,1.174,0.1849493783949,0.0432024590452887
589,1.176,0.184543140949627,0.0436616131499075
590,1.178,0.184682487070651,0.0441250891827095
591,1.18,0.184384353812301,0.0445929211977869
592,1.182,0.184519069529224,0.0450651434582379
593,1.184,0.184223246612283,0.0455417904371958
594,1.186,0.18437960636738,0.0460228968188513
595,1.188,0.183972217039584,0.0465084974995122
596,1.19,0.184197443565394,0.0469986275886478
597,1.192,0.183864710310676,0.0474933224099533
598,1.194,0.184037358554457,0.0479926175024073
599,1.196,0.183828271107534,0.0484965486213711
600,1.198,0.184031338628753,0.0490051517396577
601,1.2,0.183784823531425,0.0495184630486446
602,1.202,0.183945250102703,0.0500365189593749
603,1.204,0.183716016559823,0.0505593561036641
604,1.206,0.183919737162403,0.0510870113352447
605,1.208,0.183603670685321,0.0516195217308898
606,1.21,0.183687092188796,0.0521569245915563
607,1.212,0.183476421904662,0.0526992574435555
608,1.214,0.183605092383211,0.0532465580397093
609,1.216,0.183353185574747,0.0537988643605295
610,1.218,0.18347289977371,0.0543562146154004
611,1.22,0.183207689420859,0.0549186472437833
612,1.222,0.183255215088753,0.0554862009164303
613,1.224,0.183125532761461,0.0560589145365847
614,1.226,0.183190426435651,0.0566368272412408
615,1.228,0.183013876579466,0.0572199784023516
616,1.23,0.182943154976709,0.0578084076281215
617,1.232,0.182545459208332,0.0584021547642336
618,1.234,0.182352376964169,0.0590012598951485
619,1.236,0.181806558168433,0.0596057633453998
620,1.238,0.181447681410883,0.0602157056808633
621,1.24,0.180578490010976,0.0608311277101049
622,1.242,0.180086226591219,0.0614520704856846
623,1.244,0.179418276476305,0.062078575305498
624,1.246,0.178908161247763,0.0627106837141308
625,1.248,0.17838318967133,0.0633484375042142
626,1.25,0.177701275918842,0.0639918787178038
627,1.252,0.177277892895222,0.0646410496477675
628,1.254,0.176453248990244,0.0652959928391944
629,1.256,0.176001972193752,0.0659567510907824
630,1.258,0.174975539914565,0.0666233674563075
631,1.26,0.174520703154056,0.0672958852460259
632,1.262,0.173606105726293,0.0679743480281566
633,1.264,0.173237690511011,0.0686587996303423
634,1.266,0.172333793907781,0.0693492841411091
635,1.268,0.171758403307679,0.0700458459114165
636,1.27,0.170800612292637,0.0707485295561056
637,1.272,0.169920646415804,0.071457379955479
638,1.274,0.168668026088271,0.0721724422567886
639,1.276,0.167683487055603,0.0728937618758638
640,1.278,0.166723242786973,0.0736213844985878
641,1.28,0.165946030340486,0.0743553560825679
642,1.282,0.165254885708626,0.0750957228586794
643,1.284,0.164447541870911,0.0758425313327004
644,1.286,0.163520795571146,0.0765958282869559
645,1.288,0.162751189884094,0.0773556607819301
646,1.29,0.161954966386465,0.0781220761579628
647,1.292,0.160859038372714,0.0788951220369041
648,1.294,0.160149560426422,0.0796748463238174
649,1.296,0.159222027631989,0.0804612972086941
650,1.298,0.158384490329744,0.0812545231681612
651,1.3,0.157543240719409,0.0820545729672411
652,1.302,0.156815911732587,0.082861495661105
653,1.304,0.155827019844785,0.0836753405968507
654,1.306,0.154949894275624,0.0844961574152835
655,1.308,0.15409947885225,0.0853239960527493
656,1.31,0.153129499126147,0.086158906742936
657,1.312,0.151888604916869,0.0870009400187294
658,1.314,0.150567709186061,0.08785014671407
659,1.316,0.149046903165145,0.0887065779658461
660,1.318,0.147643157660514,0.0895702852157702
661,1.32,0.145884791775582,0.0904413202122982
662,1.322,0.145122296952662,0.0905090346068739
663,1.324,0.143263310517237,0.0913880144026481
664,1.326,0.141369066732553,0.0922744404217378
665,1.328,0.13974257968652,0.0931683657405419
666,1.33,0.138148270947728,0.0940698437583732
667,1.332,0.136753517854147,0.0949789281996842
668,1.334,0.13483019282617,0.0958956731161356
669,1.336,0.133218005901098,0.0968201328888353
670,1.338,0.146614695461831,0.0873460276782416
671,1.34,0.156175028547355,0.0819514048318959
672,1.342,0.153992597362055,0.0827396250779666
673,1.344,0.152395924997586,0.0835344648633432
674,1.346,0.150461000793199,0.0843359713300044
675,1.348,0.148843223578502,0.0851441919144916
676,1.35,0.147015832326301,0.0859591743499976
677,1.352,0.145233873305566,0.0867809666684843
678,1.354,0.143299192233733,0.0876096172027632
679,1.356,0.175903646604657,0.0711484497374251
680,1.358,0.174482073527675,0.071827031933219
681,1.36,0.172789800874785,0.0725112721391146
682,1.362,0.171411155459767,0.0732012106698838
683,1.364,0.16926619878511,0.0738968880985413
684,1.366,0.167717497106746,0.0745983452582532
685,1.368,0.165540309503718,0.0753056232442869
686,1.37,0.163916269374088,0.0760187634159556
687,1.372,0.163330200007059,0.0759257445079358
688,1.374,0.163036318616296,0.0760484636455748
689,1.376,0.161114011688461,0.0767683139232578
690,1.378,0.159975228745369,0.0774941447751664
691,1.38,0.158326772662822,0.0782259993054505
692,1.382,0.157448854634231,0.0789639209088041
693,1.384,0.156002504948229,0.0797079532728252
694,1.386,0.155244763460839,0.0804581403803708
695,1.388,0.154257837362646,0.0812145265119616
696,1.39,0.153590750721259,0.081977156248188
697,1.392,0.15239464813881,0.0827460744721599
698,1.394,0.151209115685741,0.0835213263719583
699,1.396,0.149902451085344,0.0843029574431445
700,1.398,0.148612673342092,0.085091013491261
701,1.4,0.147305105730007,0.0858855406343766
702,1.402,0.146138704397834,0.086686585305643
703,1.404,0.144673705214659,0.0874941942558946
704,1.406,0.143104778830992,0.0883084145562772
705,1.408,0.141168793744223,0.0891292936008418
706,1.41,0.1395374407553,0.0899568791092815
707,1.412,0.137810422897284,0.0907912191295622
708,1.414,0.136102148940958,0.0916323620406848
709,1.416,0.134396544744621,0.092480356555413
710,1.418,0.132558945937853,0.0933352517230494
711,1.42,0.130647381439379,0.0941970969322438
712,1.422,0.128853919769055,0.0950659419138001
713,1.424,0.126862223149946,0.0959418367435669
714,1.426,0.125911527982109,0.0961187656229227
715,1.428,0.12415936987823,0.0970028521669682
716,1.43,0.12215406003708,0.0978940998070876
717,1.432,0.120429885019904,0.0987925598709206
718,1.434,0.123530686772888,0.0954413557851899
719,1.436,0.138510777994152,0.0847538315891403
720,1.438,0.136451582080072,0.0855303519577345
721,1.44,0.134974532639558,0.0863131551514454
722,1.442,0.133253496827547,0.0871022865464091
723,1.444,0.131663129188428,0.0878977918454657
724,1.446,0.129931027023213,0.0886997170810215
725,1.448,0.128413731330941,0.0895081086179055
726,1.45,0.1265516554862,0.0903230131562938
727,1.452,0.125085351276816,0.0911444777346221
728,1.454,0.12306290326403,0.0919725497325606
729,1.456,0.121500665559132,0.0928072768739918
730,1.458,0.135930803329169,0.0821513124952632
731,1.46,0.140624861378741,0.0792882646851769
732,1.462,0.138298065474334,0.080006017997788
733,1.464,0.139807634786514,0.0789388022358019
734,1.466,0.138879160363187,0.0788311134871222
735,1.468,0.137284400685838,0.0795428165688022
736,1.47,0.147257178847003,0.0735552895216724
737,1.472,0.148902689132245,0.0726574557658919
738,1.474,0.167699659437125,0.0640489947535009
739,1.476,0.166426867190251,0.0646264804700139
740,1.478,0.164036206101642,0.0652086061372789
741,1.48,0.162949566662272,0.0657954059515155
742,1.482,0.160892791516238,0.0663869143716107
743,1.484,0.160120053979395,0.0669831661215571
744,1.486,0.158313767095497,0.0675841961929148
745,1.488,0.157506759402277,0.0681900398472984
746,1.49,0.155750453048621,0.0688007326188858
747,1.492,0.15504723139272,0.0694163103169585
748,1.494,0.153084705481976,0.0700368090284574
749,1.496,0.152072091027733,0.0706622651205728
750,1.498,0.150187919391043,0.0712927152433488
751,1.5,0.149180550953564,0.0719281963323252
752,1.502,0.147363797285077,0.0725687456111965
753,1.504,0.146621121659849,0.0732144005945
754,1.506,0.144936697555374,0.0738651990903269
755,1.508,0.144190793874662,0.0745211792030638
756,1.51,0.142257483971928,0.0751823793361561
757,1.512,0.141080723633027,0.0758488381949016
758,1.514,0.139067383332213,0.0765205947892676
759,1.516,0.137641506787335,0.0771976884367342
760,1.518,0.147263990734434,0.0715400185274309
761,1.52,0.145982339072581,0.0721722428053494
762,1.522,0.143497224477154,0.0728094883848612
763,1.524,0.142250498767679,0.0734517927019436
764,1.526,0.142236437659339,0.0727173685833333
765,1.528,0.142910462408523,0.0724304518860162
766,1.53,0.140626691275486,0.0730680335958139
767,1.532,0.13912101716563,0.0737106725707975
768,1.534,0.151374905600807,0.0671726163632902
769,1.536,0.150121695148192,0.0677653164989085
770,1.538,0.147828519026706,0.0683627635191163
771,1.54,0.146775863083288,0.0689649938970699
772,1.542,0.144614766822456,0.0695720444136339
773,1.544,0.143801896531034,0.0701839521604561
774,1.546,0.142034190181877,0.0708007545430744
775,1.548,0.141346142838638,0.0714224892840515
776,1.55,0.139935711647256,0.0720491944261478
777,1.552,0.139611556193257,0.072680908335517
778,1.554,0.138334247691767,0.073317669704954
779,1.556,0.138040045295116,0.0739595175571448
780,1.558,0.136844113585644,0.0746064912479788
781,1.56,0.136564014598587,0.0752586304698765
782,1.562,0.135446878899881,0.0759159752551599
783,1.564,0.135272802094296,0.076578565979449
784,1.566,0.13437099882152,0.0772464433651049
785,1.568,0.134113651042091,0.0779196484846873
786,1.57,0.132899065371114,0.0785982227644711
787,1.572,0.13250144899902,0.0792822079879778
788,1.574,0.131446865838818,0.0799716462995455
789,1.576,0.131280380401744,0.0806665802079569
790,1.578,0.130313189884608,0.0813670525900626
791,1.58,0.13018416955955,0.0820731066944751
792,1.582,0.129269967165424,0.082784786145285
793,1.584,0.129128518405379,0.0835021349458163
794,1.586,0.128162379650122,0.0842251974824087
795,1.588,0.128082024969505,0.0849540185282621
796,1.59,0.127187524531267,0.0856886432472946
797,1.592,0.12698006352085,0.0864291171980307
798,1.594,0.126016522055336,0.0871754863375735
799,1.596,0.125879798847901,0.0879277970255594
800,1.598,0.124953749137679,0.0886860960281868
801,1.6,0.124495375525566,0.0894504305222717
802,1.602,0.123444186547695,0.0902208480993431
803,1.604,0.122832244632154,0.0909973967697748
804,1.606,0.121697473730689,0.0917801249669705
805,1.608,0.121073110724193,0.0925690815515676
806,1.61,0.12006044468409,0.0933643158156974
807,1.612,0.119584099976856,0.0941658774872826
808,1.614,0.118491263810511,0.0949738167343633
809,1.616,0.117877802084196,0.0957881841694896
810,1.618,0.116689551318127,0.096609030854126
811,1.62,0.116105415764359,0.0974364083031172
812,1.622,0.11491445275829,0.0982703684891907
813,1.624,0.113838487956037,0.0991109638474937
814,1.626,0.112135293420586,0.0999582472801849
815,1.628,0.110736423953069,0.100812272161062
816,1.63,0.108832603897146,0.101673092340229
817,1.632,0.107078558715525,0.102540762148813
818,1.634,0.105181468952824,0.103415336403719
819,1.636,0.10351827577746,0.104296870412434
820,1.638,0.10180916080557,0.105185419977867
821,1.64,0.100336226487541,0.10608104140324
822,1.642,0.0983273380295004,0.106983791497021
823,1.644,0.0966549537816738,0.107893727577899
824,1.646,0.109093384756174,0.0942455322106947
825,1.648,0.110510506258692,0.0924793537150896
826,1.65,0.108655341765948,0.0928647134193847
827,1.652,0.107358070009603,0.093654547582825
828,1.654,0.105220462253091,0.094450700485112
829,1.656,0.103904211338024,0.0952532236715938
830,1.658,0.101659607146333,0.096062169159867
831,1.66,0.100605868876238,0.0968775894445033
832,1.662,0.0987498945220053,0.097699537501811
833,1.664,0.0977250876311821,0.0985280667946529
834,1.666,0.0956052972676141,0.0993632312772911
835,1.668,0.0942941504587572,0.100205085400289
836,1.67,0.0921852671654597,0.101053684115452
837,1.672,0.0907166875632403,0.101909082880816
838,1.674,0.0889112705968409,0.102771337665671
839,1.676,0.087643705174874,0.103640504955648
840,1.678,0.085437970137938,0.104516641757826
841,1.68,0.0858898760432303,0.102787294073275
842,1.682,0.0960175366107295,0.0903539051226342
843,1.684,0.0970265373061386,0.0887200725384049
844,1.686,0.10230971061676,0.0827843731598756
845,1.688,0.100834964429895,0.0834834797970599
846,1.69,0.114609884770185,0.0723008324213716
847,1.692,0.117346642279775,0.0705253535658854
848,1.694,0.115219788522862,0.071122616598651
849,1.696,0.114079268737774,0.0717247313450399
850,1.698,0.112314065281357,0.0723317390267679
851,1.7,0.111402329738649,0.0729436812610781
852,1.702,0.11009348662634,0.0735606000648061
853,1.704,0.109519967425639,0.0741825378585097
854,1.706,0.10824732732781,0.0748095374706246
855,1.708,0.107651848049899,0.0754416421416516
856,1.71,0.10636918629475,0.0760788955284041
857,1.712,0.105938039205244,0.0767213417082725
858,1.714,0.104814353162802,0.077369025183546
859,1.716,0.104278289995576,0.078021990885765
860,1.718,0.103091226601957,0.0786802841801202
861,1.72,0.102702502365503,0.0793439508698817
862,1.722,0.101482337765957,0.0800130372008712
863,1.724,0.100612372324516,0.0806875898660032
864,1.726,0.0990221129582137,0.0813676560098119
865,1.728,0.0976696077453315,0.0820532832330789
866,1.73,0.0960374784954973,0.0827445195974525
867,1.732,0.0948497483262396,0.0834414136301529
868,1.734,0.0936790216251755,0.0841440143286701
869,1.736,0.0927394394798032,0.0848523711655623
870,1.738,0.0916251116716915,0.0855665340932418
871,1.74,0.0904961362807289,0.0862865535488334
872,1.742,0.0894742071277981,0.0870124804590807
873,1.744,0.0881094886754503,0.0877443662452698
874,1.746,0.0868661179232291,0.0884822628282058
875,1.748,0.0852716807776945,0.0892262226332632
876,1.75,0.0836832319451087,0.0899762985954191
877,1.752,0.0823245868143449,0.090732544164389
878,1.754,0.0808291318385033,0.0914950133097688
879,1.756,0.0789033533610896,0.0922637605262314
880,1.758,0.0833752105972667,0.0859134369142531
881,1.76,0.0837786554969094,0.0842143340432338
882,1.762,0.0860147402584934,0.0807735783881246
883,1.764,0.0991489271208796,0.0691523448522636
884,1.766,0.102835955756362,0.06595614408756
885,1.768,0.116542149963934,0.0576109966152797
886,1.77,0.114832734005166,0.0580957971346605
887,1.772,0.112685537657981,0.0585846278292264
888,1.774,0.11606279037645,0.0564587630323091
889,1.776,0.119576103892019,0.054260191029413
890,1.778,0.117820218271937,0.0547169542512781
891,1.78,0.136728525127745,0.0467028341609978
892,1.782,0.182038259171918,0.0350044066506859
893,1.784,0.186847904270653,0.03398454169659
894,1.786,0.185402758999412,0.0342714337671425
895,1.788,0.183965616872728,0.0343765673937243
896,1.79,0.197771852703545,0.0320214805380349
897,1.792,0.196146263149211,0.0322967940335719
898,1.794,0.195185830701229,0.0325745161860049
899,1.796,0.193617849426633,0.0328546704361058
900,1.798,0.193174153496145,0.0331372804869414
901,1.8,0.191713345701372,0.0334223703070734
902,1.802,0.191123693984826,0.0337099641337942
903,1.804,0.190229295336751,0.0340000864764191
904,1.806,0.189873478783463,0.0342927621195827
905,1.808,0.189109734585702,0.0345880161266519
906,1.81,0.188681350169067,0.0348858738430476
907,1.812,0.188052006262651,0.0351863608997916
908,1.814,0.187539579553713,0.0354895032169174
909,1.816,0.186800161639854,0.0357953270070525
910,1.818,0.186529391939337,0.0361038587789644
911,1.82,0.185950711170581,0.0364151253412077
912,1.822,0.185663238710517,0.0367291538057861
913,1.824,0.185125119068631,0.0370459715918552
914,1.826,0.184768313222429,0.037365606429507
915,1.828,0.183893320164135,0.0376880863635424
916,1.83,0.183368873446991,0.0380134397573663
917,1.832,0.182535892188742,0.0383416952968577
918,1.834,0.182458360726442,0.0386728819943333
919,1.836,0.181532540816264,0.0390070291925519
920,1.838,0.18163961597056,0.0393441665687691
921,1.84,0.181063665165931,0.039684324138817
922,1.842,0.181243593231626,0.0400275322612801
923,1.844,0.180739672769788,0.0403738216416813
924,1.846,0.180990316673422,0.0407232233367572
925,1.848,0.180426648772288,0.0410757687587444
926,1.85,0.180786850915159,0.0414314896797501
927,1.852,0.180229801291166,0.0417904182361874
928,1.854,0.180505468048397,0.0421525869331984
929,1.856,0.179969149838669,0.0425180286492412
930,1.858,0.180330390446077,0.0428867766406253
931,1.86,0.179697393631374,0.043258864546169
932,1.862,0.179979462105434,0.0436343263919005
933,1.864,0.179387012013513,0.0440131965958011
934,1.866,0.179875252080342,0.0443955099726164
935,1.868,0.179339036307743,0.0447813017387503
936,1.87,0.179851413289242,0.0451706075171654
937,1.872,0.179322400194008,0.045563463342415
938,1.874,0.179837195875657,0.0459599056656465
939,1.876,0.179308183862617,0.0463599713597823
940,1.878,0.179810619576902,0.0467636977246352
941,1.88,0.179250253935834,0.0471711224922071
942,1.882,0.179769643723028,0.0475822838319462
943,1.884,0.179229477747391,0.0479972203561744
944,1.886,0.179752672421964,0.0484159711254676
945,1.888,0.17919884767651,0.0488385756542119
946,1.89,0.179662656185532,0.0492650739161556
947,1.892,0.178978843548946,0.0496955063500253
948,1.894,0.179501548692118,0.0501299138652828
949,1.896,0.178849510767837,0.0505683378478634
950,1.898,0.179309037897239,0.0510108201660558
951,1.9,0.178711574133343,0.0514574031763961
952,1.902,0.179112056691753,0.0519081297296771
953,1.904,0.178515119759442,0.052363043177013
954,1.906,0.178889549314247,0.0528221873759713
955,1.908,0.178297959469761,0.053285606696765
956,1.91,0.178583318364639,0.0537533460285988
957,1.912,0.177816541770164,0.0542254507859729
958,1.914,0.177950253286191,0.0547019669151638
959,1.916,0.177167994972069,0.0551829409007099
960,1.918,0.177448770566604,0.0556684197720333
961,1.92,0.176635122214373,0.056158451110111
962,1.922,0.176926869920344,0.0566530830542135
963,1.924,0.176183170382545,0.0571523643087654
964,1.926,0.176625368743291,0.0576563441502416
965,1.928,0.175935802596474,0.0581650724341929
966,1.93,0.176393300299161,0.0586785996023018
967,1.932,0.175619914339199,0.0591969766895809
968,1.934,0.176084914683561,0.0597202553315944
969,1.936,0.175255934886525,0.0602484877718285
970,1.938,0.175519919192902,0.0607817268690949
971,1.94,0.174805108276872,0.0613200261050712
972,1.942,0.175236797298043,0.0618634395918779
973,1.944,0.17463395274115,0.0624120220797705
974,1.946,0.175099015266842,0.062965828964959
975,1.948,0.174520625037878,0.0635249162974371
976,1.95,0.17503544498658,0.0640893407889742
977,1.952,0.174441753180921,0.0646591598211751
978,1.954,0.174907110745202,0.065234431453624
979,1.956,0.174145241635959,0.0658152144321459
980,1.958,0.174408780363654,0.066401568197123
981,1.96,0.173582811361393,0.0669935528919851
982,1.962,0.1738009108251,0.0675912293716993
983,1.964,0.17300886120528,0.0681946592114319
984,1.966,0.173226480794648,0.0688039047152903
985,1.968,0.172459736196977,0.0694190289251309
986,1.97,0.172913282069667,0.0700400956295347
987,1.972,0.172129906736295,0.0706671693728248
988,1.974,0.172389248467443,0.0713003154642158
989,1.976,0.171605273650071,0.0719395999870578
990,1.978,0.171912078596358,0.072585089808194
991,1.98,0.17088354823526,0.0732368525873984
992,1.982,0.170979132582175,0.0738949567870039
993,1.984,0.169750375791061,0.0745594716814676
994,1.986,0.170069150659717,0.0752304673672607
995,1.988,0.169096519060632,0.0759080147726831
996,1.99,0.169520346628358,0.0765921856678952
997,1.992,0.168380543564318,0.0772830526750256
998,1.994,0.168466458041929,0.0779806892783897
999,1.996,0.167197808007298,0.0786851698348223
1000,1.998,0.167227140780131,0.0793965695841476
1001,2,0.165939776537028,0.0801149646597037
1002,2.002,0.166106293473319,0.0808404320990687
1003,2.004,0.165224894163844,0.0815730498548266
1004,2.006,0.165439626840782,0.0823128968054709
1005,2.008,0.164645505034295,0.083060052766482
1006,2.01,0.164916414897705,0.083814598501417
1007,2.012,0.164167317280459,0.0845766157332226
1008,2.014,0.164391509175635,0.0853461871555994
1009,2.016,0.16334648709029,0.0861233964445444
1010,2.018,0.163522830670852,0.0869083282699262
1011,2.02,0.162607979864859,0.0877010683072982
1012,2.022,0.162935775773428,0.0885017032497525
1013,2.024,0.16184050320625,0.0893103208199048
1014,2.026,0.16239201853038,0.0901270097820751
1015,2.028,0.161411680794128,0.0909518599544716
1016,2.03,0.16203059376037,0.0917849622216183
1017,2.032,0.16110458561587,0.0926264085468477
1018,2.034,0.161805697920396,0.0934762919849276
1019,2.036,0.160963933496714,0.0943347066948411
1020,2.038,0.161695717393196,0.0952017479526536
1021,2.04,0.160798165232668,0.0960775121645637
1022,2.042,0.161441048858773,0.0969620968800118
1023,2.044,0.160341078000172,0.0978556008050007
1024,2.046,0.160866468645303,0.0987581238154926
1025,2.048,0.159698683598109,0.0996697669709423
1026,2.05,0.160293166029828,0.100590632527994
1027,2.052,0.158908159494892,0.101520823954268
1028,2.054,0.159325982357781,0.10246044594232
1029,2.056,0.157682481987275,0.10340960442371
1030,2.058,0.158214706784762,0.104368406583199
1031,2.06,0.156741668660021,0.105336960873108
1032,2.062,0.157375020789557,0.106315377027788
1033,2.064,0.156033301182133,0.107303766078224
1034,2.066,0.156774287559653,0.108302240366788
1035,2.068,0.155304921380199,0.109310913562132
1036,2.07,0.156087885911112,0.110329900674173
1037,2.072,0.154925056882921,0.111359318069265
1038,2.074,0.155964885331462,0.112399283485497
1039,2.076,0.154880176065532,0.113449916048094
1040,2.078,0.155938528004751,0.114511336284945
1041,2.08,0.154873039427194,0.115583666142377
1042,2.082,0.155923410534286,0.116667029000909
1043,2.084,0.154837342551594,0.117761549691249
1044,2.086,0.155797897348259,0.118867354510351
1045,2.088,0.154528135290656,0.119984571237707
1046,2.09,0.155616486697728,0.121113329151668
1047,2.092,0.154285794768138,0.122253759045936
1048,2.094,0.155330711350418,0.123405993246208
1049,2.096,0.153918036204681,0.124570165626971
1050,2.098,0.155057207846078,0.125746411628345
1051,2.1,0.153682967757925,0.126934868273118
1052,2.102,0.154924011006398,0.128135674183953
1053,2.104,0.15358915309634,0.129348969600599
1054,2.106,0.154694440307716,0.130574896397377
1055,2.108,0.153055575032597,0.131813598100667
1056,2.11,0.153927507460737,0.133065219906627
1057,2.112,0.152464096361035,0.134329908698925
1058,2.114,0.153176298039316,0.135607813066746
1059,2.116,0.151397144259625,0.136899083322764
1060,2.118,0.151955265117812,0.138203871521331
1061,2.12,0.150354564156951,0.139522331476762
1062,2.122,0.150937119001289,0.140854618781765
1063,2.124,0.149213857479589,0.142200890825902
1064,2.126,0.14958713402469,0.143561306814289
1065,2.128,0.148003304228202,0.144936027786319
1066,2.13,0.148554727508525,0.146325216634534
1067,2.132,0.147017117451343,0.147729038123569
1068,2.134,0.147224626283092,0.149147658909284
1069,2.136,0.145796701789875,0.150581247557894
1070,2.138,0.146142889383497,0.152029974565269
1071,2.14,0.144863181574562,0.153494012376381
1072,2.142,0.145273746969278,0.154973535404694
1073,2.144,0.143983647227134,0.156468720051803
1074,2.146,0.144101636239827,0.157979744727105
1075,2.148,0.142856362334132,0.159506789867524
1076,2.15,0.143018098118205,0.161050037957407
1077,2.152,0.141749447948017,0.162609673548393
1078,2.154,0.142069308742182,0.164185883279469
1079,2.156,0.140981842682591,0.165778855897008
1080,2.158,0.141418207954444,0.167388782274976
1081,2.16,0.140445617793306,0.169015855435086
1082,2.162,0.140951310830656,0.170660270567149
1083,2.164,0.14005229277722,0.172322225049338
1084,2.166,0.1405776735726,0.174001918468669
1085,2.168,0.139679140542757,0.175699552641362
1086,2.17,0.140043637878618,0.177415331633399
1087,2.172,0.139040228531537,0.179149461781041
1088,2.174,0.139450078008972,0.180902151711338
1089,2.176,0.138550869321471,0.182673612362807
1090,2.178,0.139102615564522,0.184464057005997
1091,2.18,0.138075756852304,0.186273701264134
1092,2.182,0.138424101744346,0.188102763133767
1093,2.184,0.137143913339079,0.189951463005448
1094,2.186,0.13747992431901,0.191820023684355
1095,2.188,0.13625017209574,0.193708670410961
1096,2.19,0.136747908069326,0.195617630881646
1097,2.192,0.135467369880176,0.197547135269338
1098,2.194,0.135665269939268,0.19949741624407
1099,2.196,0.134003728355637,0.201468708993533
1100,2.198,0.134149829475937,0.20346125124359
1101,2.2,0.132061916350908,0.20547528327873
1102,2.202,0.131930800893804,0.207511047962439
1103,2.204,0.130051201105723,0.209568790757535
1104,2.206,0.129833107426537,0.211648759746446
1105,2.208,0.127908326557077,0.213751205651301
1106,2.21,0.12762027429086,0.215876381854064
1107,2.212,0.125566725270612,0.218024544416426
1108,2.214,0.125462986708338,0.220195952099729
1109,2.216,0.123473174786129,0.222390866384598
1110,2.218,0.123280491974291,0.224609551490553
1111,2.22,0.121215099906224,0.226852274395472
1112,2.222,0.121059086752939,0.229119304854826
1113,2.224,0.119353062367106,0.231410915420782
1114,2.226,0.118684859086163,0.233727381461172
1115,2.228,0.116502102977367,0.236068981178132
1116,2.23,0.115433463200251,0.238435995626787
1117,2.232,0.112910507528989,0.240828708733307
1118,2.234,0.132005996792971,0.205899156421938
1119,2.236,0.129939624402631,0.20798731548213
1120,2.238,0.128995368806851,0.210098543432792
1121,2.24,0.127012156585045,0.212233105175468
1122,2.242,0.125670122600732,0.214391268462765
1123,2.244,0.123513165057269,0.216573303920201
1124,2.246,0.122001226895791,0.218779485067809
1125,2.248,0.119881772108056,0.221010088341801
1126,2.25,0.118244838817602,0.223265393115911
1127,2.252,0.116576579339847,0.225545681722736
1128,2.254,0.115283216421461,0.227851239474743
1129,2.256,0.113703830554564,0.230182354685328
1130,2.258,0.112195479808803,0.232539318689454
1131,2.26,0.110522777562588,0.234922425864226
1132,2.262,0.10942703636407,0.237331973649276
1133,2.264,0.108133763550342,0.239768262566793
1134,2.266,0.106996906949181,0.242231596241385
1135,2.268,0.105694968364065,0.244722281419755
1136,2.27,0.104554612243112,0.247240627989937
1137,2.272,0.103206535471068,0.2497869490004
1138,2.274,0.10182983549955,0.252361560678759
1139,2.276,0.100019265196317,0.254964782450221
1140,2.278,0.0985062776068521,0.257596936955653
1141,2.28,0.101613223481899,0.246446092786983
1142,2.282,0.110124679907841,0.226302723069846
1143,2.284,0.10783545509862,0.228671128218292
1144,2.286,0.106486757856327,0.231066430020794
1145,2.288,0.104478353417445,0.233488942464507
1146,2.29,0.103064539807428,0.235938982924273
1147,2.292,0.101392125456694,0.23841687218767
1148,2.294,0.0998656484206968,0.24092293447986
1149,2.296,0.0984165006092921,0.243457497488271
1150,2.298,0.0971194060472851,0.246020892387054
1151,2.3,0.0953311011781728,0.248613453861284
1152,2.302,0.0939064043188327,0.251235520131043
1153,2.304,0.0918603812446722,0.253887432975059
1154,2.306,0.0905157792549866,0.256569537754295
1155,2.308,0.0888816902799811,0.259282183435027
1156,2.31,0.087506149704648,0.26202572261179
1157,2.312,0.0859021755237948,0.264800511529954
1158,2.314,0.0845975348444974,0.267606910107955
1159,2.316,0.0834517476695543,0.270445281959057
1160,2.318,0.0823753599543755,0.27331599441301
1161,2.32,0.0811631805574822,0.276219418537006
1162,2.322,0.080086254082906,0.279155929156434
1163,2.324,0.0787836102067592,0.282125904875128
1164,2.326,0.0771756832066257,0.28512972809509
1165,2.328,0.0754992679192945,0.288167785035913
1166,2.33,0.0736042937231348,0.291240465753408
1167,2.332,0.0718128988887788,0.294348164158144
1168,2.334,0.070107756799243,0.297491278032953
1169,2.336,0.080959182171038,0.252739317520489
1170,2.338,0.084646923359119,0.239626854090713
1171,2.34,0.0826854522166194,0.242198101322694
1172,2.342,0.0813545351428904,0.24479879417309
1173,2.344,0.0791902087815007,0.247429267946048
1174,2.346,0.0795509469133429,0.243683124356628
1175,2.348,0.0774960787668804,0.246326949965068
1176,2.35,0.0761141690046081,0.24900151395944
1177,2.352,0.074197711020332,0.251707175075313
1178,2.354,0.0724586273867592,0.25444429575657
1179,2.356,0.0704166979575494,0.257213242177046
1180,2.358,0.0687614322048152,0.260014384261657
1181,2.36,0.0669826689438576,0.262848095707123
1182,2.362,0.0658145650999308,0.265714754002231
1183,2.364,0.0645165636103579,0.268614740447669
1184,2.366,0.0635737744219586,0.271548440175425
1185,2.368,0.0625997803197779,0.274516242167531
1186,2.37,0.0618847862311272,0.27751853927441
1187,2.372,0.0606508940720192,0.280555728232608
1188,2.374,0.0595285178900881,0.283628209681998
1189,2.376,0.0577861970464702,0.286736388182341
1190,2.378,0.056500779766158,0.28988067222921
1191,2.38,0.0545796213865813,0.293061474269339
1192,2.382,0.0528904280539004,0.296279210715233
1193,2.384,0.0542267114615484,0.280030732461055
1194,2.386,0.0550454789231756,0.270483011644087
1195,2.388,0.0528176848288293,0.273463257029668
1196,2.39,0.0527658510821904,0.267939920015157
1197,2.392,0.050730984990797,0.270901570016769
1198,2.394,0.0491872671619363,0.273897794584375
1199,2.396,0.0469615148059484,0.276928988366815
1200,2.398,0.0469126913656906,0.270114022992488
1201,2.4,0.046594499282328,0.26197709699155
1202,2.402,0.0456142299972061,0.260910968949801
1203,2.404,0.0435119145693857,0.263815484908215
1204,2.406,0.0420767734588386,0.266754078112602
1205,2.408,0.0398927370159281,0.269727138427731
1206,2.41,0.0381843797125134,0.272735059418655
1207,2.412,0.0376794260862587,0.263061293159888
1208,2.414,0.0369462754692444,0.25937961165586
1209,2.416,0.0437731060892408,0.208354339906516
1210,2.418,0.044369730064123,0.201304836031719
1211,2.42,0.0418524707252074,0.203563103250328
1212,2.422,0.0416130721039681,0.200162668177544
1213,2.424,0.0393221514181717,0.202414983065119
1214,2.426,0.0381359273562923,0.204693892543832
1215,2.428,0.0358241184351412,0.206999700997154
1216,2.43,0.0347914109717518,0.206655421772282
1217,2.432,0.032653466044599,0.208988083252635
1218,2.434,0.0356222771288998,0.183933576408723
1219,2.436,0.0335296944388646,0.186014620575913
1220,2.438,0.0355518524562892,0.167906548968838
1221,2.44,0.0412546741109211,0.138405339970227
1222,2.442,0.0523285299107008,0.106056098170455
1223,2.444,0.055006089428709,0.0982616658214605
1224,2.446,0.0535963210748064,0.0993825141871898
1225,2.448,0.0520430412511007,0.10051674137599
1226,2.45,0.0505681039741193,0.101664501978567
1227,2.452,0.0509821924740713,0.0974000733401572
1228,2.454,0.0608436304134533,0.0801416192149548
1229,2.456,0.0618108199427437,0.0770111286408082
1230,2.458,0.0608764461407762,0.0779132429858747
1231,2.46,0.0593015065655082,0.0788265917551665
1232,2.462,0.0590037783494032,0.0797513155460084
1233,2.464,0.0580232881525236,0.0806875565861332
1234,2.466,0.0581731363012811,0.0816354587481627
1235,2.468,0.0575487585174383,0.082595167564104
1236,2.47,0.057916475137506,0.0835668302398349
1237,2.472,0.0573952357821944,0.0845505956695896
1238,2.474,0.0578386723861762,0.085546614450424
1239,2.476,0.0572850141869881,0.0865550388966785
1240,2.478,0.0577282157796545,0.0875760230544031
1241,2.48,0.0571447829917939,0.0886097227157711
1242,2.482,0.0576405990808453,0.0896562954334536
1243,2.484,0.0571081860535261,0.0907159005349632
1244,2.486,0.0576170032290841,0.0917886991369447
1245,2.488,0.057085515212783,0.092874854159432
1246,2.49,0.0575933560174946,0.0939745303400481
1247,2.492,0.057043590512694,0.0950878942481429
1248,2.494,0.057500635413901,0.0962151142988499
1249,2.496,0.0569779120222123,0.0973563607671179
1250,2.498,0.0574510225956716,0.0985118058016026
1251,2.5,0.056855812225088,0.0996816234385263
1252,2.502,0.0572349249035993,0.100865989615421
1253,2.504,0.0562463613554692,0.102065082184759
1254,2.506,0.0563208774180668,0.103279080927523
1255,2.508,0.0555026036525358,0.104508167566613
1256,2.51,0.0555867909508631,0.105752525780165
1257,2.512,0.0545791717777997,0.107012341214718
1258,2.514,0.0548034845598074,0.108287801498286
1259,2.516,0.0539303661190227,0.109579096253223
1260,2.518,0.0537299381682978,0.110886417108987
1261,2.52,0.0523636701563605,0.112209957714719
1262,2.522,0.0521393828143835,0.113549913751666
1263,2.524,0.0512880672176273,0.114906482945402
1264,2.526,0.0510832641436522,0.116279865077884
1265,2.528,0.0494969802521902,0.117670261999309
1266,2.53,0.0490478162808484,0.119077877639733
1267,2.532,0.0475222490383636,0.120502918020522
1268,2.534,0.0467402548027413,0.121945591265537
1269,2.536,0.0449629250355062,0.123406107612094
1270,2.538,0.0442769025727087,0.124884679421673
1271,2.54,0.0423408708706804,0.126381521190406
1272,2.542,0.0411355647429184,0.127896849559217
1273,2.544,0.0392489560013023,0.129430883323752
1274,2.546,0.038164361890676,0.130983843444007
1275,2.548,0.0360804931946866,0.132555953053602
1276,2.55,0.0347767214774882,0.134147437468825
1277,2.552,0.0324807790576332,0.135758524197248
1278,2.554,0.0312585045247764,0.137389442946108
1279,2.556,0.0290314035440193,0.139040425630246
1280,2.558,0.0280243643762706,0.140711706379745
1281,2.56,0.0263100380967869,0.142403521547152
1282,2.562,0.0250729856895599,0.144116109714345
1283,2.564,0.0233642112333881,0.145849711698943
1284,2.566,0.0220454746684968,0.147604570560355
1285,2.568,0.0209560414260878,0.149380931605362
1286,2.57,0.0199793072444898,0.151179042393261
1287,2.572,0.0192206557758236,0.152999152740549
1288,2.574,0.0186399476510082,0.154841514725165
1289,2.576,0.0179728080667772,0.156706382690158
1290,2.578,0.0169113578033156,0.158594013246936
1291,2.58,0.0153253709901942,0.160504665277962
1292,2.582,0.0136668790969061,0.162438599938906
1293,2.584,0.0123768845842193,0.164396080660246
1294,2.586,0.0106895361911622,0.166377373148326
1295,2.588,0.0089263886978674,0.168382745385804
1296,2.59,0.00696730341753285,0.170412467631493
1297,2.592,0.0065912910315437,0.134097775025366
1298,2.594,0.00559616771657242,0.119232173263082
1299,2.596,0.00370674249284229,0.120673409954482
1300,2.598,0.0016896177358928,0.118760690284873
1301,2.6,0,0.0828921255187977
