t,x,y,L_x,f_x,f_y,filter_mean,filter_cov,smoother_mean,smoother_cov,ACI_metric
0,1,2,2,0,-1,2,0.1,1.76723016781297,0.072288945793511,0.294603183900365
0.1,0.989347072395307,1.50467453983919,1.97869414479061,0.00532646380234653,-0.957615259314329,1.57275438021198,0.162531733594738,1.57315341607394,0.0925504497880154,0.0662751880891647
0.2,1.35730224336695,1.66788829830804,2.7146044867339,-0.178651121683476,-2.68453875969792,1.32450958137104,0.175733945918273,1.28804775754286,0.0889934856949383,0.0971917754312999
0.3,1.50954420210703,1.40016457300461,3.01908840421407,-0.254772101053517,-3.55744739622992,0.718125872206679,0.163167469750277,0.991221863204913,0.0793761185934264,0.332067447343892
0.4,1.81490944251607,0.461559130958634,3.62981888503214,-0.407454721258034,-5.58779256906797,0.380845919921136,0.139165843944573,0.487545178036751,0.0710716420529126,0.132241162200273
0.5,1.83631715269064,-0.536118394971779,3.67263430538128,-0.418158576345321,-5.74412137053173,-0.256569458675835,0.125925380192772,-0.136701630228909,0.0698826774952295,0.128963230452122
0.6,1.76986354545009,-0.908328368109424,3.53972709090018,-0.384931772725044,-5.26483393902632,-0.497213270805317,0.13177448842979,-0.496323661990068,0.0747622559357676,0.0670674439612202
0.7,1.46916095171713,-1.13002002146877,2.93832190343425,-0.234580475858563,-3.31686780410074,-1.05532338534359,0.135027635288109,-1.11641088763302,0.0884918493295362,0.0527832379992723
0.8,0.911681721168937,-0.91762069073161,1.82336344233787,0.0441591394155315,-0.662327121427111,-1.54637328298877,0.166804894452363,-1.23658337423349,0.114033500139532,0.319654070218374
0.9,0.711779917465424,-0.539945207591081,1.42355983493085,0.144110041267288,-0.0132613018141716,-1.48356426682251,0.205208877535884,-1.08705025498851,0.136032386756311,0.420097567652415
1,0.829407532270616,-0.509363410083298,1.65881506454123,0.0852962338646919,-0.375833709174466,-1.03994617097805,0.239047950464861,-0.895521255562459,0.15014542967468,0.0902070666965126
1.1,0.796014997349217,0.0522028373844415,1.59202999469843,0.101992501325391,-0.267279752009749,-0.854852846390841,0.25652892406366,-0.803047641190942,0.159944407061949,0.0531858264373869
1.2,0.768159414489227,-0.722631373163657,1.53631882897845,0.115920292755386,-0.180137772136865,-0.7358243077665,0.259207363546426,-0.827873835468614,0.171532920359689,0.0536505859609111
1.3,0.855190331817248,-0.544822999558049,1.7103806636345,0.0724048340913758,-0.462701007267391,-0.44863160755613,0.268602019058362,-0.853789806823009,0.189080800192407,0.333069714297612
1.4,0.571534785277529,-0.706988190291943,1.14306957055506,0.214232607361236,0.346695978435538,-0.778009768244206,0.278199274813665,-0.940333481120234,0.220326094266547,0.0599569131879447
1.5,0.39090996749405,-0.934098108214554,0.7818199349881,0.304545016252975,0.694378794627601,-0.849803610593183,0.323371224900864,-0.834029064707718,0.255527826743578,0.0132194010930335
1.6,0.204200517051127,-0.878569509782217,0.408401034102254,0.397899741474437,0.916604297672105,-0.896698242481216,0.371453683146802,-0.680601642017271,0.28479165910442,0.0790387077150123
1.7,0.319829171676435,-0.0378009205416787,0.63965834335287,0.340085414161783,0.795418601889531,-0.706364453746026,0.409677973686365,-0.521856393498411,0.305526160625905,0.0611025222901544
1.8,0.299864710277984,0.328705622527804,0.599729420555969,0.350067644861008,0.820162311059801,-0.658013439056063,0.435611965969166,-0.372635319208727,0.323112902432717,0.113725878183629
1.9,0.314396155288984,-0.102362827568848,0.628792310577968,0.342801922355508,0.80231011507901,-0.581054956827983,0.438426027095629,-0.254308018191023,0.34183597346131,0.136032353763323
2,0.171734195182158,0.210734942233135,0.343468390364316,0.414132902408921,0.941014732410273,-0.632904122002373,0.479757371919101,-0.0451088389874142,0.360051908478642,0.378841170053333
2.1,-0.019602079990631,0.650937469134971,-0.039204159981262,0.509801039995315,0.999231516920082,-0.616187164473936,0.527536880691076,0.19379043661441,0.368811963909269,0.650344149392848
2.2,0.219487571506077,0.920342454550057,0.438975143012155,0.390256214246961,0.903650411908729,-0.454341447873775,0.563814999905519,0.43130613954507,0.366347604895463,0.736047693617482
2.3,0.311377822952195,1.18743811786964,0.622755645904391,0.344311088523902,0.806087702747103,-0.315128235028225,0.567679408535422,0.651094293201979,0.358042303860276,0.868091677019885
2.4,0.0358582932831478,1.95553665898443,0.0717165865662956,0.482070853358426,0.99742836560564,-0.496365102295186,0.594759867269116,0.919670921368211,0.344758236677052,1.74817399727395
2.5,-0.362803079844278,2.11492118928967,-0.725606159688557,0.681401539922139,0.736747850511012,-0.0773549205813248,0.616968229269103,1.19975375017825,0.320643292920598,1.40888947131519
2.6,-0.144781618863193,1.8722802139199,-0.289563237726387,0.572390809431597,0.958076565678706,-0.205525598271839,0.603478546026959,1.45148508410349,0.291292718843391,2.38041716343166
2.7,-0.21911388951067,2.06012817724671,-0.438227779021341,0.609556944755335,0.903978206847011,-0.0593024396998754,0.618913608526898,1.74480001866752,0.252525894240725,2.78166790970945
2.8,-0.393164245455463,2.28907311807117,-0.786328490910926,0.696582122727732,0.690843752190873,0.307332929803326,0.606846152160394,2.0268595649329,0.203930792601971,2.64945154642185
2.9,-0.767851551842517,2.05954804891287,-1.53570310368503,0.883925775921258,-0.179192011333922,1.11246877153786,0.474556776940237,2.18381404664684,0.15002753614439,1.44317105212886
3,-1.4334728924445,2.1998733439823,-2.86694578488901,1.21673644622225,-3.10968906674642,2.29664972856546,0.296998361066663,2.12513942475109,0.101390224921313,0.257588319539507
3.1,-2.13784899667141,1.50886257398951,-4.27569799334281,1.5689244983357,-8.14079666513788,2.08989539413097,0.159441351052764,1.44980094058128,0.0689673575968019,1.42016357397813
3.2,-2.18454040751478,0.157550296114169,-4.36908081502955,1.59227020375739,-8.54443358412965,0.360492452030037,0.11358838489637,0.176059105122221,0.0627250872931018,0.222748966183922
3.3,-1.82416197137209,-0.414790820371298,-3.64832394274418,1.41208098568604,-5.65513379560021,-0.575885701114303,0.118708426840906,-0.465653931613659,0.0710965319850309,0.106954726715604
3.4,-1.41662957909137,-0.471011111861933,-2.83325915818274,1.20831478954569,-3.01367872871319,-0.976006548356344,0.140465485894538,-0.639555647252206,0.0857769096850271,0.454880032017431
3.5,-1.33747702915343,-1.0733858262807,-2.67495405830686,1.16873851457672,-2.57768960702618,-0.796640304880316,0.155028317424275,-0.844895825700092,0.102674629416799,0.0446795805636967
3.6,-0.971841080882231,-0.954405020154025,-1.94368216176446,0.985920540441115,-0.888950172980686,-0.987787857588694,0.185148050984717,-0.877175670398515,0.128388860359947,0.0628068006745889
3.7,-0.778150226054543,-0.447981486621354,-1.55630045210909,0.889075113027271,-0.211035548617472,-0.906062073288417,0.220599837074165,-0.774651580443597,0.153381095058298,0.0684982624097559
3.8,-0.720143182277782,-0.0991990241604663,-1.44028636455556,0.860071591138891,-0.0372124059623418,-0.687704115881435,0.250397517342735,-0.689639474990673,0.175740961550201,0.0279507205065465
3.9,-0.618949612658095,-0.324006917679236,-1.23789922531619,0.809474806329048,0.233802753980788,-0.596777368641078,0.266000202211207,-0.7259379161381,0.202419733336266,0.0484227104095332
4,-0.432357411998047,-0.0652073467675132,-0.864714823996095,0.716178705999024,0.626134136580701,-0.604100721162388,0.299895321217758,-0.6957742548026,0.235349414090336,0.0275786585244808
4.1,-0.393588327302414,-0.0706484103584608,-0.787176654604829,0.696794163651207,0.690176457222575,-0.473461103798036,0.34295925406698,-0.623981935669212,0.267076730997431,0.0474396814347633
4.2,-0.193299341948259,0.166229701781482,-0.386598683896518,0.59664967097413,0.92527072880474,-0.487998823306361,0.376344051638454,-0.58301966798709,0.296251937509873,0.0252342781083684
4.3,-0.272377050403039,0.45983230316258,-0.544754100806079,0.63618852520152,0.85162148482748,-0.306458356725818,0.427619046901979,-0.48779129882966,0.319073686853837,0.0579343791553691
4.4,0.108292133884913,0.264256070194068,0.216584267769827,0.445853933057543,0.976545627477304,-0.337649586839144,0.473062808378792,-0.396538001319202,0.331723800996781,0.0317408984250426
4.5,0.199965047932119,0.0933456250500802,0.399930095864237,0.400017476033941,0.920027959211011,-0.225188955649706,0.517806823905584,-0.289831385189727,0.332577824499001,0.0465399500133077
4.6,0.193441906066655,0.442010039504629,0.386883812133311,0.403279046966672,0.925160457954599,-0.209913239017456,0.541214323698466,-0.198157013947616,0.323436511405209,0.0563402569041528
4.7,0.2946066882657,0.809020298731561,0.589213376531399,0.35269665586715,0.826413798458234,-0.111408820762343,0.54501137606934,-0.117015662518324,0.307293363458609,0.0684453704463985
4.8,0.337869557934944,0.356846174536816,0.675739115869888,0.331065221032528,0.771688323641691,-0.0630979054518216,0.546239695384181,-0.026835366974542,0.286937807799256,0.0857481087480688
4.9,0.317811813622464,0.353504583432027,0.635623627244927,0.341094093188768,0.797991302244001,-0.0938482726596458,0.549998474930709,0.0826826854953335,0.259243107283403,0.140081069902011
5,0.638235324611347,0.0828387389324502,1.27647064922269,0.180882337694326,0.185311340836497,0.468935822796819,0.500903154868191,0.1323916022516,0.225508786242349,0.237186805555197
5.1,0.682132295712621,0.177407148228693,1.36426459142524,0.15893385214369,0.069391062291659,0.35586767824901,0.412375264207735,0.0719657585853257,0.197281033521494,0.20557998830672
5.2,0.907358864510674,0.0906321000091857,1.81471772902135,0.0463205677446631,-0.646600218012199,0.559159031710691,0.327489246387432,-0.115480576814324,0.179602764708939,0.769456443679757
5.3,0.734014964539557,-0.399270540257316,1.46802992907911,0.132992517730221,-0.0775559363360154,-0.0239362138899927,0.285255380652245,-0.351285438705993,0.180380095677757,0.23315961988959
5.4,0.73996969739568,-0.548885363029516,1.47993939479136,0.13001515130216,-0.0951103061277074,-0.023344159969976,0.295249805493202,-0.410437616616377,0.189347718288936,0.296528652508469
5.5,0.518764211900514,-0.659440196203501,1.03752842380103,0.240617894049743,0.461767384902477,-0.378956068626345,0.298572010850112,-0.508239511418465,0.203386998182333,0.0605401122876316
5.6,0.536775098271439,-0.652132085516506,1.07355019654288,0.23161245086428,0.423744987751373,-0.310001027951638,0.321457728882382,-0.502642379607588,0.218219036263908,0.0908269201643154
5.7,0.445129897123438,-0.430802866103918,0.890259794246876,0.277435051438281,0.603718749373755,-0.391776689644954,0.338902654320185,-0.500319050680634,0.233010445890142,0.0484685055454464
5.8,0.404730517034897,-0.27912053574295,0.809461034069794,0.297634741482552,0.67238641716133,-0.377369472589942,0.37045726255413,-0.426213439458719,0.243985894828384,0.0413375205928973
5.9,0.447458054293755,-0.0235453332327476,0.89491610858751,0.276270972853123,0.599562579295294,-0.287618812716416,0.383306076746456,-0.380260631736335,0.249924888519306,0.0510442353563101
6,0.407377494744343,-0.0376866309500102,0.814754989488685,0.296311252627829,0.668087153551646,-0.284033033300866,0.411072517579138,-0.278489404111814,0.251189281565321,0.051847977523247
6.1,0.55891708982027,-0.189374105427759,1.11783417964054,0.220541455089865,0.37522337341368,-0.00901573469038173,0.421988907220098,-0.191436837058724,0.244495689965621,0.102014429676056
6.2,0.628519372724006,-0.441723981293348,1.25703874544801,0.185740313637997,0.209926796221244,0.0930417346633824,0.400879363482936,-0.173190289761347,0.237519816681823,0.146358250864169
6.3,0.553231222511158,-0.594650588677312,1.10646244502232,0.223384388744421,0.387870428877619,-0.0777086154438518,0.380915426421822,-0.169998950422807,0.235150243482615,0.0610213122518085
6.4,0.293342998237773,-0.600314264311505,0.586685996475547,0.353328500881113,0.827899770769747,-0.392445338918573,0.398114660006378,-0.0701979131397872,0.233515201629662,0.190441718423675
6.5,0.385905895827056,-0.263600916446591,0.771811791654112,0.307047052086472,0.702153279131835,-0.272056509330055,0.411943327973584,0.0553036404289309,0.222664358722035,0.207943145134323
6.6,0.674838289057316,-0.0355684011335244,1.34967657811463,0.162580855471342,0.0891865672443884,0.207291180730422,0.398952543893132,0.140458841896779,0.205788126437658,0.0945060661977691
6.7,0.679185369272612,0.301946862908335,1.35837073854522,0.160407315363694,0.0774144683320508,0.148214773622991,0.370500410177769,0.183183155820922,0.188801350065808,0.0935221208445797
6.8,0.719019240004363,0.283876719888007,1.43803848000873,0.140490379997818,-0.0339773349929038,0.13670140743743,0.343178616616218,0.211837640019751,0.172459322913949,0.103537653623283
6.9,0.767957840516789,-0.00842415838466645,1.53591568103358,0.116021079741605,-0.17951848962242,0.0840170652343999,0.306426701811209,0.170274800581924,0.158799835155262,0.0999231480427093
7,0.942464290951173,0.015440193332196,1.88492858190235,0.0287678545244137,-0.776477879436193,0.264372750419073,0.275147530107412,0.0916619964150106,0.148244338966839,0.132818902619335
7.1,0.996421003503307,-0.32919188350664,1.99284200700661,0.00178949824834629,-0.985709632445076,0.131141471853826,0.242165530691806,-0.114089410169924,0.146897893357881,0.17740998108269
7.2,0.86012562192861,-0.599474848364869,1.72025124385722,0.0699371890356949,-0.479632170996157,-0.156271638852661,0.246901235521137,-0.164213204044026,0.156400929753663,0.0451382517588238
7.3,0.594688226841057,-0.389995550996836,1.18937645368211,0.202655886579472,0.292691825713279,-0.493805732887819,0.269855456349052,-0.0548499766905303,0.166161477368784,0.407344387856993
7.4,0.585571649986053,-0.545782454831081,1.17114329997211,0.207214175006973,0.314211685465222,-0.434943426666247,0.299163540151205,0.16668042083834,0.167457071864314,0.674945923150661
7.5,0.6801414030457,0.0335742089334718,1.3602828060914,0.15992929847715,0.0748153437260538,-0.2425968086173,0.308697751205788,0.375039911052691,0.157702463207726,0.70913612815042
7.6,0.731605034566577,0.595180090012897,1.46321006913315,0.134197482716711,-0.070491853206325,-0.146629420430801,0.304484845688342,0.574450749463237,0.140472026015019,0.971308129929938
7.7,1.06876475106126,0.161918330057835,2.13752950212252,-0.0343823755306306,-1.28451618622208,0.309316556894748,0.255502645532872,0.569731956649839,0.119146352718536,0.24731209620708
7.8,1.43537504033227,0.106314410088997,2.87075008066454,-0.217687520166134,-3.12060301281772,0.746025771789796,0.211895016762858,0.441476288400184,0.100938274310482,0.327830091782281
7.9,1.3611812063144,-0.152277548838918,2.7223624126288,-0.1805906031572,-2.70562855284705,0.0232199927414749,0.174905566379667,-0.00601829808325369,0.0943185523552365,0.0808550506687548
8,1.37146075778766,-0.825852460049579,2.74292151557533,-0.185730378893832,-2.76180922030303,-0.251470183462787,0.163569530079516,-0.451646331001624,0.0973347207438909,0.179561999466939
8.1,1.31390792050271,-1.34779224211989,2.62781584100542,-0.156953960251355,-2.45270804711951,-0.403660311607417,0.168991276498865,-0.817677103945607,0.110283468816915,0.546851895676564
8.2,1.05469054992719,-1.39665538736097,2.10938109985438,-0.0273452749635938,-1.22474431221143,-0.771509428391199,0.181474078608643,-1.22983420467553,0.140403218514086,0.593902931958071
8.3,0.6175116256244,-0.908795359721817,1.2350232512488,0.1912441871878,0.237358784437422,-1.14335790905951,0.222077685656132,-1.32669512943779,0.187243077818405,0.0825583505903898
8.4,0.24309743458909,-1.04543952078184,0.486194869178181,0.378451282705455,0.881807274592406,-1.29054710908752,0.27836852481123,-1.23362931901677,0.237413176075573,0.0118277270705305
8.5,0.213822439868873,-0.431702472217894,0.427644879737746,0.393088780065564,0.908559928417045,-1.16847026510803,0.337998596499907,-1.06646997867584,0.279605519262902,0.0238410289801999
8.6,0.239564546410786,0.0237881915509139,0.479129092821573,0.380217726794607,0.885217656205988,-1.03588970911586,0.391250701001118,-0.893071187639422,0.313062569567642,0.03761854759865
8.7,0.194864645668685,-0.108517572941759,0.389729291337369,0.402567677165658,0.924055539736836,-0.964635482474535,0.428363560870121,-0.737508642818713,0.339905386305651,0.0726147766575828
8.8,0.0832942432267273,-0.0590297514285457,0.166588486453455,0.458352878386636,0.986124138090574,-0.930472302672694,0.472996078052273,-0.548094843549084,0.360834932555879,0.171328657041542
8.9,-0.253403455272278,0.400490035432971,-0.506806910544557,0.626701727636139,0.871573377712141,-0.691738102705845,0.517766694888581,-0.343365809544171,0.371875154050761,0.141796656855364
9,-0.13765643148337,1.21394338084183,-0.275312862966741,0.568828215741685,0.962101413742528,-0.61761948110223,0.523054210496019,-0.202719863478038,0.38024724231738,0.187473479519631
9.1,-0.00973494248275664,1.77191797990455,-0.0194698849655133,0.504867471241378,0.999810461789715,-0.565818865214959,0.564714858993284,-0.0104666135824111,0.382910172349695,0.306362346639297
9.2,-0.264689906197402,1.26147526198986,-0.529379812394804,0.632344953098701,0.859878507114421,-0.289466740791138,0.586374745498932,0.16678361734564,0.375760951658329,0.220414354182331
9.3,-0.126978774396739,1.38326719094018,-0.253957548793479,0.56348938719837,0.967752781705404,-0.286038250865441,0.591648366847182,0.321724569601369,0.36555799473714,0.361833664400593
9.4,-0.45268683752185,1.425038309184,-0.905373675043701,0.726343418760925,0.590149254268932,0.274301824315947,0.597445439646546,0.479144394781197,0.34907114109089,0.0959466062555587
9.5,-0.619460245381206,1.71029868308806,-1.23892049076241,0.809730122690603,0.232538008784513,0.716957410319586,0.522400211268283,0.529012681397562,0.33609312203184,0.0760130865778913
9.6,-0.500331566316006,0.940811956178894,-1.00066313263201,0.750165783158003,0.499336647495544,0.454142400801552,0.456868930306136,0.534551748566309,0.341280850471142,0.0264211952712173
9.7,-0.235054221443457,1.03355686032207,-0.470108442886914,0.617527110721728,0.889499025963221,0.148556991929868,0.471920876569709,0.659936995776454,0.358341456397145,0.294394383765385
9.8,-0.181800680015896,0.875426039226766,-0.363601360031792,0.590900340007948,0.933897025491516,0.180840780968569,0.497026657157136,0.816731884092642,0.372439523555715,0.425728515069787
9.9,-0.102351381070318,1.39910937060131,-0.204702762140636,0.551175690535159,0.979048389585997,0.203726460110788,0.540296213130751,1.01120196410978,0.3804944863451,0.630827653980086
10,-0.138395650361621,1.1322458559373,-0.276791300723241,0.56919782518081,0.961693287921968,0.268352495629686,0.560950802627231,1.18921467773849,0.380406550983739,0.789117399996396
10.1,-0.0509753163989549,0.740029189897405,-0.10195063279791,0.525487658199478,0.994803034236053,0.270623379629299,0.593135954755673,1.39453143965443,0.374009513027424,1.11067539930272
10.2,-0.0765139129070925,1.14331273922117,-0.153027825814185,0.538256956453546,0.988291242263292,0.325192954875923,0.620912608061411,1.60824218944683,0.358105806838199,1.38919320322563
10.3,-0.046340883716573,1.26351818666693,-0.0926817674331461,0.523170441858287,0.995705044992734,0.347233221315634,0.647684917505201,1.83236959286148,0.332826650139817,1.79252984856827
10.4,-0.174700666548912,1.51057034553782,-0.349401333097824,0.587350333274456,0.938959354214732,0.440601025698,0.674190390754297,2.07008936810656,0.296516982106103,2.09981060819126
10.5,0.218050709299106,1.92812120512537,0.436101418598212,0.390974645350447,0.904907776348313,0.504720751302398,0.6974557603214,2.32003688359575,0.248951297735009,2.55598607883257
10.6,0.522817422802871,2.1916665646718,1.04563484560574,0.238591288598564,0.453323884827528,0.947496980020029,0.647181355934698,2.54191107285889,0.191534274553783,2.22077720949233
10.7,0.951442575802933,2.27340331032471,1.90288515160587,0.0242787120985335,-0.81048595010104,1.65442693134896,0.469498333296486,2.69111774845674,0.132614211307428,1.41788910914907
10.8,1.68742803510284,2.51142299237271,3.37485607020569,-0.343714017551422,-4.69482674730209,2.3491193893117,0.250569765213102,2.5988418088334,0.081361971155499,0.349207600755601
10.9,2.58407619174666,1.4541053220754,5.16815238349331,-0.792038095873328,-12.3548995295038,1.43737088858674,0.116587234455533,1.5803353157751,0.0518133872942359,0.215358932820123
11,2.91733187241072,0.0284564303251702,5.83466374482145,-0.958665936205362,-16.0216505075669,-0.182912536210972,0.0846037733904533,-0.0182564367254962,0.0451323152746127,0.241144811723203
11.1,2.49372295348875,-1.00416747915111,4.98744590697749,-0.746861476744374,-11.4373083375133,-1.3638187214628,0.0883264742071731,-1.16411668403969,0.0524160660416649,0.283389616423438
11.2,1.87512855015477,-1.47599779235881,3.75025710030954,-0.437564275077386,-6.03221415921108,-1.80202310503986,0.110466079189989,-1.50510713060181,0.0684882970731143,0.44805219414042
11.3,1.44457871626965,-1.56155222371429,2.8891574325393,-0.222289358134826,-3.17361533499855,-1.84511206208964,0.132570427757907,-1.70239108912098,0.0888309564033261,0.112046853013746
11.4,1.13936139597149,-2.02146615122335,2.27872279194298,-0.0696806979857441,-1.5962887812602,-1.73779412037751,0.162576521101422,-1.76278807265779,0.117326182351506,0.0258503890473392
11.5,0.718658891374333,-1.9255162639856,1.43731778274867,0.140670554312834,-0.0329412043027695,-1.85695163728498,0.199751663716878,-1.74241482376748,0.154468332284406,0.0480313094511757
11.6,0.700887773999987,-2.07102339829442,1.40177554799997,0.149556113000007,0.0175126565146875,-1.53622745833571,0.236000467419281,-1.69655956974495,0.197795269890325,0.0618201595930301
11.7,0.347252061805441,-1.69589751605121,0.694504123610882,0.32637396909728,0.758832011143741,-1.66909602093986,0.287663273921404,-1.54179140083231,0.246889056900471,0.0337234955012296
11.8,0.185932176001106,-0.828156446478941,0.371864352002213,0.407033911999447,0.930858451854987,-1.60950741055817,0.343951089270346,-1.32199587702228,0.290689671292772,0.126862357162465
11.9,-0.191689544137891,-0.854885765729055,-0.383379088275783,0.595844772068946,0.926510237336415,-1.43856979122894,0.403332574591872,-1.06703379714197,0.325014741552882,0.181980101858999
12,-0.125375889967489,-0.901931648721387,-0.250751779934977,0.562687944983744,0.96856177242972,-1.27697182129352,0.44701141216351,-0.844357895457252,0.350704250959671,0.222937121524833
12.1,-0.0441043578127469,-0.779490267024654,-0.0882087156254939,0.522052178906373,0.99610961124385,-1.12816388286395,0.485148293844392,-0.633176055588637,0.370007036363029,0.269313707699288
12.2,0.078526062418273,-0.214281187073459,0.157052124836546,0.460736968790863,0.987667315042163,-0.991225284022288,0.531124971240483,-0.404467622588314,0.380502548220268,0.349065382286616
12.3,0.153530680707892,-0.501350465828388,0.307061361415784,0.423234659646054,0.952856660162743,-0.873855644146759,0.551119698393668,-0.200079506171399,0.383434538337476,0.441125626024848
12.4,0.137366335883787,-0.277903072323325,0.274732671767573,0.431316832058107,0.962260979531726,-0.803856927932972,0.58521951033597,0.0350727266508318,0.379616519864045,0.642064937909441
12.5,0.132151916145513,-0.00381708003392649,0.264303832291025,0.433924041927244,0.965071742118139,-0.732235806921878,0.6150490273177,0.277579122362288,0.366587217706423,0.885726987445967
12.6,-0.308828387188643,0.685969137806404,-0.617656774377287,0.654414193594322,0.809250054532923,-0.412828227484297,0.624955381428669,0.511456653843346,0.345106288938831,0.756509471890148
12.7,-0.340891166108189,0.762293405469945,-0.681782332216378,0.670445583054094,0.767586425738798,-0.196808672048334,0.610293210106341,0.719528830093852,0.319577297110456,0.773219974265883
12.8,-0.437505860349008,0.844660871442039,-0.875011720698015,0.718752930174504,0.617177244320549,0.113380651970046,0.601445479610412,0.934156832459789,0.288911538932604,0.666834051131665
12.9,-0.292175710739831,0.613107363571474,-0.584351421479662,0.646087855369916,0.829266708107349,-0.0289282888987575,0.566943780114385,1.12326177776734,0.256198220203325,1.29388911207019
13,-0.428055043866701,1.40602553367612,-0.856110087733401,0.71402752193335,0.633537758840554,0.290934238728902,0.533318728401775,1.31591071379684,0.218303372092442,1.13622447611027
13.1,-0.659023237833251,1.33703355111853,-1.3180464756665,0.829511618916626,0.131376743991557,0.788197815108656,0.457896148832119,1.4435954248677,0.177925049939389,0.635968448335755
13.2,-0.944691044388847,1.21183912057996,-1.88938208877769,0.972345522194424,-0.784882338696982,1.27733287661216,0.36405332114632,1.48861792277971,0.138011887235586,0.235840846014538
13.3,-1.29534514100349,1.03421432447311,-2.59069028200698,1.14767257050174,-2.35583806864269,1.28473911657076,0.238183600782901,1.1780601075461,0.106856407988696,0.14898313324773
13.4,-1.41249185892859,0.622114416343644,-2.82498371785718,1.20624592946429,-2.99026650307908,0.77955270302054,0.184358117199423,0.785687661967071,0.0919716360641032,0.0972394890939539
13.5,-1.54601551367849,-0.17070688552694,-3.09203102735699,1.27300775683925,-3.78032793706915,0.468549631405117,0.159877415908056,0.307103778200008,0.087438901008014,0.156704460686576
13.6,-1.46003682149822,-0.329334967350349,-2.92007364299644,1.23001841074911,-3.26341504026125,0.00486101204340978,0.154354077410763,-0.197882145678875,0.0943479466738358,0.184902607253149
13.7,-1.05562965033945,-0.896145998391899,-2.11125930067889,1.02781482516972,-1.22870791735156,-0.563654423279294,0.172722506379826,-0.416712640102082,0.111080682595687,0.104777519998194
13.8,-1.0659862792314,-1.13701976028619,-2.1319725584628,1.0329931396157,-1.27265349501922,-0.372043741810766,0.191152471242641,-0.553104138754194,0.130512975547167,0.117934424186804
13.9,-0.826940627869275,-1.52742383927624,-1.65388125573855,0.913470313934638,-0.367661604041663,-0.588541611749217,0.202754139269104,-0.848812128295005,0.16559070230084,0.176642391057138
14,-0.352738657008128,-1.43971991041426,-0.705477314016256,0.676369328504064,0.751150879704205,-0.861374520522277,0.253371196838352,-0.809090184386445,0.214332101340836,0.0120196807003012
14.1,-0.104823632555237,-1.40904175368557,-0.209647265110474,0.552411816277618,0.978024012115849,-0.840469188084742,0.321228506582975,-0.621034121975238,0.255809058612527,0.0869831179925601
14.2,0.0147670761390852,-1.14544272569953,0.0295341522781705,0.492616461930457,0.999563866924605,-0.737119644732362,0.384446273664305,-0.423064583150657,0.282314214879237,0.149837757985561
14.3,0.00688257929832614,-0.535993206016249,0.0137651585966523,0.496558710350837,0.999905260204405,-0.636641028573824,0.44200044794117,-0.2208019706795,0.293378725923967,0.232412383082451
14.4,0.144027281930821,-0.397457020367455,0.288054563861641,0.42798635903459,0.95851228411924,-0.509829697579324,0.492278791141938,-0.0194011425259631,0.289335693982355,0.303895262651335
14.5,0.288116771879763,0.227697166943772,0.576233543759526,0.355941614060118,0.833977451523169,-0.349877143712175,0.506828502914384,0.144383525265401,0.273600545253485,0.319168318256372
14.6,0.31823314841454,0.353346346182735,0.636466296829079,0.34088342579273,0.797455326500339,-0.272062779322372,0.525968818357998,0.334964819143585,0.248443169800916,0.461479918136324
14.7,0.651820048176504,0.941226706264797,1.30364009635301,0.174089975911748,0.150261249590361,0.382889083879263,0.503684211404066,0.488686916727411,0.213417994378126,0.152316676170787
14.8,0.656376927383518,0.652067931187931,1.31275385476704,0.171811536308241,0.138338658397145,0.200560173648219,0.408695584998074,0.506157843282648,0.181224637449056,0.242581310234676
14.9,0.907805930276966,0.821625833066788,1.81561186055393,0.0460970348615172,-0.648223214092054,0.524780696709423,0.334308867698958,0.486196545781281,0.154131069733656,0.119879535359736
15,0.955521369592427,0.888979398181825,1.91104273918485,0.0222393152037864,-0.826042175495576,0.385054826880243,0.288124505424371,0.466163525870306,0.132211936314695,0.130344948065884
15.1,1.29188886052015,0.364501770636865,2.58377772104029,-0.145944430260074,-2.33795365587209,0.645061841496082,0.225238968891593,0.190398463089277,0.115252352840256,0.549751230504677
15.2,1.2467273583496,0.00352788919252261,2.49345471669921,-0.123363679174802,-2.10865821211477,0.184011932722407,0.199827588435023,-0.12925156720074,0.111489975735319,0.316272277000862
15.3,1.1504618216672,-0.11105421921783,2.3009236433344,-0.0752309108336003,-1.64712480622763,-0.209333028564094,0.19046827926207,-0.505382985543783,0.119130875258797,0.277442225668588
15.4,1.02824749619957,-0.218638285055448,2.05649499239913,-0.0141237480997832,-1.11458582688135,-0.402977517588563,0.201983946055143,-0.714422864921451,0.134967070469797,0.275795804793822
15.5,0.81783855424935,-0.397088558313377,1.6356771084987,0.0910807228753251,-0.337719801633333,-0.667416578440195,0.21658480044402,-0.925855284623472,0.161526228809232,0.173741374935297
15.6,0.422659900545261,-0.512328233862099,0.845319801090523,0.288670049727369,0.642717216942139,-0.983797227498671,0.259893807481752,-0.888574938476019,0.195079750763558,0.0361831952132376
15.7,0.459874277912026,-0.64204865977104,0.919748555824053,0.270062861043987,0.577031297029785,-0.805032948795523,0.310264643033429,-0.732493135940941,0.219665756824369,0.0351365600531786
15.8,0.386889231494804,-0.964344324457734,0.773778462989609,0.306555384252598,0.700633445106719,-0.759425322131495,0.354960310028134,-0.565248888129698,0.234234816575594,0.0908968703888511
15.9,0.46189773905914,-0.488512867375853,0.92379547811828,0.26905113047043,0.573300957304109,-0.582037300002233,0.373254850988295,-0.447842227125749,0.240631575115622,0.0659627491863025
16,0.51657462032612,-0.406380319782285,1.03314924065224,0.24171268983694,0.466301323269851,-0.402274941323712,0.400811306650097,-0.283149900851961,0.240527085785527,0.0730818656202627
16.1,0.476819370600733,-0.429983249401276,0.953638741201467,0.261590314699633,0.545286575639841,-0.420848533597381,0.395248288526662,-0.183168764897355,0.236130121055051,0.127740215951708
16.2,0.541951037953174,0.0753250530481494,1.08390207590635,0.229024481023413,0.412578144922955,-0.257910364099445,0.400875259768924,-0.0472086735757143,0.230476453673422,0.119590187303629
16.3,0.708076129473438,-0.0336305136330388,1.41615225894688,0.145961935263281,-0.00274361026016923,0.0553503420329734,0.377172248483726,0.0288178059802927,0.222450589520817,0.0598242850560813
16.4,0.439713177234981,-0.42048678130681,0.879426354469962,0.280143411382509,0.613304643531836,-0.390900822528801,0.37207218644163,0.145487863950567,0.219905966016605,0.445094876067081
16.5,0.590250587074179,-0.0760084584303163,1.18050117414836,0.20487470646291,0.303208488917173,-0.118875568435596,0.379699744707282,0.331801722963643,0.212093746016617,0.337928970169628
16.6,0.661106767582835,-0.0124847164600576,1.32221353516567,0.169446616208583,0.125875683712351,0.00651127023793641,0.366760441722204,0.488364095899018,0.202703255810701,0.389356805794501
16.7,0.429664571772184,0.292177409797797,0.859329143544368,0.285167714113908,0.630776711527652,-0.334862625729157,0.376491365524809,0.745217033781108,0.189890518282569,1.6436761681295
16.8,0.682913529155127,0.707524421342595,1.36582705831025,0.158543235422437,0.0672582233937792,0.0909356359744673,0.370848200155054,1.01701937474886,0.166880810386577,1.28056546838544
16.9,0.775025186634166,1.03814018782381,1.55005037326833,0.112487406682917,-0.201328079834646,0.180186538947512,0.336216021407032,1.2577935080379,0.137558343575999,1.87834190892216
17,1.19411818508212,1.30585575294,2.38823637016424,-0.0970590925410597,-1.85183647988763,0.767147140468666,0.264627446167661,1.36367360096629,0.106203141619245,0.829498696434008
17.1,1.72312229462635,1.5701448874747,3.4462445892527,-0.361561147313175,-4.93830088447676,1.09307065052575,0.182523334145148,1.13923094044758,0.079788843792143,0.138155777331606
17.2,2.14361983850758,0.690851587294253,4.28723967701516,-0.57180991925379,-8.19021202408653,0.73745624128292,0.131116373834272,0.465020193598311,0.06516840079768,0.381105227234194
17.3,2.08149297719613,-0.0646835858583407,4.16298595439225,-0.540746488598063,-7.66522602823359,-0.26563842078179,0.114460479485902,-0.511667868572631,0.0654195762960069,0.329894218432934
17.4,1.68542974246001,-1.08468678496837,3.37085948492003,-0.342714871230007,-4.68134683353766,-1.07581453295933,0.121851834874406,-1.41293713171837,0.0828656079563499,0.499170766664266
17.5,1.03901773131274,-1.55674726744861,2.07803546262548,-0.0195088656563711,-1.15911569196456,-1.62444330125811,0.160148382271092,-1.59146519572709,0.11527302883861,0.0276885629257532
17.6,0.827095148571823,-1.72373420555175,1.65419029714365,0.0864524257140884,-0.368172769582093,-1.53434740612929,0.198190009564906,-1.60659469303878,0.150531855751849,0.030460600650646
17.7,0.389295481219597,-1.13230492202313,0.778590962439193,0.305352259390202,0.696898056604005,-1.72622756410254,0.250003504072647,-1.45036064456465,0.186578435555128,0.171666230880143
17.8,0.396894051007525,-0.734798693507625,0.793788102015049,0.301552974496238,0.684950224549673,-1.52054545970771,0.31133974642558,-1.16319868908162,0.209034599508726,0.23997038977924
17.9,0.579087390688336,-1.22850703008695,1.15817478137667,0.210456304655832,0.329315587891549,-1.07311502602899,0.345484246358358,-0.944639428910969,0.21689946004252,0.0705511780805391
18,0.624753587513447,-0.651244830017996,1.24950717502689,0.187623206243276,0.219365909778154,-0.80221596299516,0.351843633787924,-0.822639441229453,0.220647831723001,0.0474617396478541
18.1,0.478713256470416,-0.37141960734934,0.957426512940831,0.260643371764792,0.54166723615898,-0.875170871277622,0.349898188659698,-0.754480806358108,0.226670245414277,0.0617965776569329
18.2,0.569293967887046,-0.35881455954623,1.13858793577409,0.215353016056477,0.351808756254847,-0.604521506626424,0.362241361691932,-0.645203434219159,0.231315934594182,0.0458318192507821
18.3,0.402918688753275,-0.0472811945788033,0.80583737750655,0.298540655623362,0.675313060506683,-0.729982404565316,0.384389255220168,-0.507255838770219,0.233353871210842,0.117615523170157
18.4,0.453997539877511,-0.0880648247923768,0.907995079755023,0.273001230061244,0.587772467570335,-0.565994765418136,0.392615132580503,-0.389999651767512,0.22903306032913,0.100604145371686
18.5,0.557796470866846,-0.265362673329176,1.11559294173369,0.221101764566577,0.377726194176983,-0.333728645412516,0.390337370627165,-0.294766266223131,0.221085555856227,0.0693734270836442
18.6,0.463384669269953,-0.37033078792488,0.926769338539906,0.268307665365023,0.570549296571152,-0.444430874341237,0.369772563775807,-0.265957823282374,0.21497410396859,0.104940071968065
18.7,0.71027406077992,-0.259476856151861,1.42054812155984,0.14486296961004,-0.00897848283359459,0.0400564569994104,0.37289094998019,-0.171832432441275,0.206044488417974,0.133077887964978
18.8,0.704968250660694,-0.146620570007501,1.40993650132139,0.147515874669653,0.00603953112080113,-0.0314973151176267,0.338101897918953,-0.2138282833629,0.200045517303479,0.107400887034923
18.9,0.634237900356895,-0.429525687143069,1.26847580071379,0.182881049821553,0.195484571501755,-0.19965434432258,0.319685185663184,-0.264356451777544,0.204054361958603,0.0501716899740513
19,0.420147677868427,-0.199758030579755,0.840295355736854,0.289926161065787,0.646951857563537,-0.449862857349424,0.338276777586612,-0.185292882886573,0.211515406882083,0.150881437166098
19.1,0.466184239239874,0.0201724634407631,0.932368478479748,0.266907880380063,0.56534451016868,-0.33159378967919,0.367701496172562,-0.0261198713166728,0.21010083723158,0.192425447960809
19.2,0.709920798157662,0.360262299596376,1.41984159631532,0.145039600921169,-0.00797507931362329,0.102110219190639,0.367316361875717,0.0834277698609363,0.200214996882213,0.0764285178956794
19.3,0.5261771354397,0.613676807866958,1.0523542708794,0.23691143228015,0.446275244280944,-0.271237577353515,0.34079014406163,0.111778747320808,0.192020067865633,0.283798530514767
19.4,0.565026302344725,0.702268057675962,1.13005260468945,0.217486848827638,0.361490555317295,-0.184484529989275,0.348797395719626,0.263613999507789,0.180940883790222,0.375373768488751
19.5,0.803445082156933,0.590296356178572,1.60689016431387,0.0982774589215334,-0.291048000084322,0.206480631224141,0.32738637087046,0.347216134375121,0.163605324499035,0.126957246609276
19.6,0.761266187181951,0.57695620600698,1.5225323743639,0.119366906409024,-0.159052415493092,0.00699849933437931,0.298235944268787,0.376453403321925,0.148404776634535,0.326615518785709
19.7,0.999941354131972,0.327959453434692,1.99988270826394,2.93229340139756e-05,-0.999765423406564,0.302573497387744,0.266829156327833,0.363851748181868,0.13332838732403,0.103771586592782
19.8,1.2171407397062,-0.132939522342066,2.4342814794124,-0.1085703698531,-1.96286316050512,0.493359807310416,0.23236685581627,0.253662494349565,0.12122196114157,0.209818347261046
19.9,1.088874766523,-0.0661119639691203,2.177749533046,-0.0444373832614995,-1.37129651434103,-0.0340883331474699,0.210721161820349,0.0842163210076167,0.117496749103577,0.104069033161845
20,0.953709792896155,-0.283466586252037,1.90741958579231,0.0231451035519226,-0.819124738132053,-0.33753803705902,0.212306802202792,0.0597435039058652,0.118128765172943,0.443040365094277
20.1,1.06757292442777,0.295340816446929,2.13514584885553,-0.0337864622138829,-1.2794238979425,-0.135873464493519,0.219493638146359,0.154713522767477,0.114233822300342,0.279112806742516
20.2,1.174755261993,-0.171664270600277,2.349510523986,-0.0873776309965006,-1.76009985116049,-0.0494295474861707,0.206656822948486,0.0999833899709053,0.106782538442615,0.142502524389088
20.3,1.18070883995594,-0.324780766110289,2.36141767991188,-0.0903544199779696,-1.7881467295002,-0.264356789292392,0.186870813283331,-0.168370137888401,0.103519356297228,0.0969624249372186
20.4,1.31695527526277,-0.252833272868414,2.63391055052555,-0.158477637631387,-2.46874239408489,-0.143831279424729,0.180915243061487,-0.447603813416016,0.106650749022742,0.314018286031652
20.5,1.20288707367877,-0.606829174489416,2.40577414735754,-0.101443536839384,-1.89387462404694,-0.410137404799975,0.181567603691153,-0.818930856762874,0.120810137943438,0.496582771950216
20.6,0.72302624340358,-0.84507584269199,1.44605248680716,0.13848687829821,-0.0455338973005868,-0.987905548685874,0.208131228322656,-0.958383122772387,0.146193269293942,0.0299179979747671
20.7,0.601212872306909,-0.682820223756216,1.20242574461382,0.199393563846546,0.277086164344953,-0.955338482627745,0.250141970863467,-0.858260298259033,0.167797849584683,0.0538772090247401
20.8,0.700250446525609,-1.09134680137972,1.40050089305122,0.149874776737196,0.0192986242813705,-0.666145881354351,0.275863183102301,-0.798127874776329,0.182046965762619,0.0693512107456889
20.9,0.713447722894555,-0.956796533770078,1.42689544578911,0.143276138552723,-0.0180153066068502,-0.524123211757318,0.288357683497222,-0.811514347372787,0.197394749841384,0.174986110639218
21,0.509344953287084,-0.879180115010056,1.01868990657417,0.245327523356458,0.481135437121957,-0.71047724139089,0.304309071187915,-0.832511862106265,0.218583382322967,0.049054441488375
21.1,0.328297915721099,-0.846896345735828,0.656595831442199,0.33585104213945,0.784440957066364,-0.796762190523698,0.344701455510475,-0.728385768736346,0.236617398491633,0.0381195930855173
21.2,0.280594108686256,-0.855559878436951,0.561188217372512,0.359702945656872,0.842533892341131,-0.753533947382052,0.382534005540948,-0.605159468292903,0.246241914209101,0.07088299683056
21.3,0.479703248792264,-1.25765588577022,0.959406497584529,0.260148375603868,0.539769586196294,-0.412930895119811,0.420154078658646,-0.453485349150178,0.243930622466349,0.0641131438389884
21.4,0.678173084963545,-0.764779492622623,1.35634616992709,0.160913457518228,0.0801625336620576,0.00017814100259278,0.404483415140396,-0.413317162974653,0.235961999859369,0.27250712706293
21.5,0.575841360532563,-0.802212928526087,1.15168272106513,0.212079319733719,0.336813455000014,-0.261739274142708,0.351001293577008,-0.535538251463119,0.239751829728586,0.138906955234178
21.6,0.450625315492411,-1.11002427614012,0.901250630984821,0.274687342253795,0.593873650074731,-0.398566394406281,0.364438980075272,-0.514874992400185,0.254932113070002,0.0470001985211845
21.7,0.399970705232612,-0.628733161276477,0.799941410465224,0.300014647383694,0.680046869911454,-0.402129383911731,0.394646951987552,-0.417211405823439,0.265743226326571,0.0347034704591725
21.8,0.346001313496395,-0.331301774778151,0.692002626992791,0.326999343251802,0.760566182117538,-0.418393471048875,0.42299757410187,-0.297981886137287,0.269743687067753,0.0609332527286477
21.9,0.35280310520704,-0.307638881420655,0.705606210414079,0.32359844739648,0.751059937912541,-0.366617699598683,0.437372664405125,-0.188013222311591,0.267455825585225,0.0881356419474186
22,0.2645202815288,-0.14830749663381,0.529040563057601,0.3677398592356,0.860058041319848,-0.422350157930801,0.454959131628716,-0.0545179558096867,0.259913421221344,0.214269563822659
22.1,0.423623776941042,-0.546290484773164,0.847247553882085,0.288188111529479,0.641085791220412,-0.20170610011036,0.45622502152153,0.0722337480759934,0.244178729740917,0.162394080302717
22.2,0.363124559517978,-0.684676166193197,0.726249119035956,0.318437720241011,0.736281108549749,-0.306588027848067,0.432582523066525,0.159057160932038,0.227637019922495,0.334741798391198
22.3,0.451061022789502,-0.409822925854962,0.902122045579004,0.274469488605249,0.593087907440177,-0.172950355975112,0.432400247598164,0.310588084613057,0.206218937763907,0.3790272875993
22.4,0.762211758706083,-0.158732008016987,1.52442351741217,0.118894120646958,-0.161933530219642,0.385319398279615,0.396667691633262,0.405309901148925,0.178385992841942,0.124934024018352
22.5,0.890003201882393,-0.419280278622927,1.78000640376479,0.0549983990588035,-0.584211398721823,0.439152616483974,0.326292640594957,0.364887977817777,0.152509900532082,0.122435035911218
22.6,1.09528939101753,-0.453221078926507,2.19057878203507,-0.0476446955087672,-1.39931770015112,0.520481668349203,0.260256525335779,0.166478215172247,0.136293499484466,0.326032573641277
22.7,0.952676669344922,-0.946584644323593,1.90535333868984,0.023661665327539,-0.815185672628267,-0.0124516659685511,0.234384824302489,-0.0271646980274775,0.133395256171472,0.0668502792505908
22.8,0.918253115731359,-0.250839465762955,1.83650623146272,0.0408734421343205,-0.686377569100697,-0.163556296088105,0.230774762286685,-0.131540731492052,0.136102938990516,0.0611187431067285
22.9,0.776886211829469,0.0358794817531965,1.55377242365894,0.111556894085265,-0.207104372261486,-0.384510991645912,0.240765206191349,-0.131390302798432,0.140224834534529,0.194549270598992
23,0.851719929342043,0.292039548527087,1.70343985868409,0.0741400353289786,-0.450853676076829,-0.219001702141401,0.25584292978889,-0.033357096993838,0.138526442910937,0.144830466662958
23.1,0.83251197569145,0.0493371152811957,1.6650239513829,0.0837440121542751,-0.386152379339362,-0.322272056028498,0.241719004298992,-0.11686228381468,0.135665326998224,0.156695875040723
23.2,1.10107639368904,-0.123239517873575,2.20215278737809,-0.050538196844522,-1.42473844947854,0.149085763899675,0.238747405157034,-0.140086201293781,0.131948628945187,0.24795514305483
23.3,0.953715240220104,-0.604067331737729,1.90743048044021,0.023142379889948,-0.819145518856181,-0.261545926732551,0.222772725211761,-0.360948928054626,0.135855591794659,0.074376721651682
23.4,1.00067983429012,0.0395486727518255,2.00135966858025,-0.000339917145061541,-1.00272026150982,-0.0998944798756858,0.240578066985116,-0.332869674170028,0.14075609301999,0.173351589346409
23.5,0.880154722556356,0.241435685050995,1.76030944511271,0.0599226387218221,-0.549344671276512,-0.270045742896671,0.249590428867395,-0.341635435421756,0.14287665411284,0.0754090053064093
23.6,0.891129627992645,-0.274468907596236,1.78225925598529,0.0544351860036774,-0.588224027772621,-0.287554921196008,0.240177159169736,-0.496948771652662,0.146369712942509,0.143610537793085
23.7,0.798157354711759,-0.354806639084293,1.59631470942352,0.100921322644121,-0.274110325760944,-0.406636917516433,0.24785975275926,-0.598690873551922,0.155319930880406,0.121416653124436
23.8,0.815383770136505,-0.925223651000369,1.63076754027301,0.0923081149317473,-0.329701385204043,-0.371966371548655,0.247616863588886,-0.773225113708368,0.168255963019513,0.358065075655569
23.9,0.683334536448967,-0.74401773651778,1.36666907289793,0.158332731775516,0.0661078225921508,-0.522546323487443,0.258125133299333,-0.951199229553039,0.193216111549253,0.375004956291447
24,0.398569598962476,-1.28274792871006,0.797139197924952,0.300715200518762,0.682284549565782,-0.761435301600606,0.296601957490124,-0.977973285401843,0.224866959895471,0.0965561246535249
24.1,0.524002976554517,-1.17214407058849,1.04800595310903,0.237998511722742,0.450841761124013,-0.499764606806613,0.339422455465227,-0.93481587669485,0.250139400231649,0.299902816485044
24.2,0.449765003904805,-1.53792101015617,0.899530007809609,0.275117498047598,0.595422882525022,-0.530345316048437,0.353817936183346,-0.977267037009767,0.275152071445073,0.296824555304667
24.3,0.391017137851083,-1.92736744014366,0.782034275702166,0.304491431074459,0.694211195813494,-0.538081490018875,0.369886924151791,-1.02207251228948,0.30671896170796,0.324891709362021
24.4,0.167712932765293,-1.97715082177551,0.335425865530587,0.416143533617353,0.943744744366528,-0.639964716215935,0.417549087078153,-0.975084139891379,0.339311312409343,0.144536359366845
24.5,0.267449905945392,-1.36578584375317,0.534899811890783,0.366275047027304,0.856941095619602,-0.497568946522675,0.460729675598954,-0.916808691405369,0.363984921853449,0.203601767423606
24.6,0.320078593136818,-1.73042259359322,0.640157186273637,0.339960703431591,0.79509938843111,-0.384097243716739,0.481648231941497,-0.888538696830469,0.385433238080768,0.275698705781749
24.7,0.40822422190191,-1.02580608832041,0.81644844380382,0.295887889049045,0.66670596930516,-0.207361247889258,0.500398625720382,-0.860231209061397,0.40808835546282,0.435623564593909
24.8,0.14567212322088,-0.917711584333914,0.29134424644176,0.42716393838956,0.957559265032641,-0.453509035826109,0.521917072342895,-0.823612902221021,0.431919155624162,0.13964128867138
24.9,0.0289778814696687,-0.265541954534067,0.0579557629393374,0.485511059265166,0.99832056477106,-0.444637504930288,0.565044815838908,-0.745909933634161,0.45038245045224,0.092257602070807
25,0.225243619872241,-0.729640422632274,0.450487239744482,0.38737819006388,0.898530623413699,-0.288365183994758,0.5985081276886,-0.66785640338704,0.46117561835174,0.135912033385479
25.1,0.137620513615501,-0.471648726936052,0.275241027231002,0.431189743192249,0.962121188464411,-0.343821218110982,0.617163921161357,-0.594868929003969,0.468178840703873,0.0685009062625556
25.2,0.110123745951502,-0.595910364183644,0.220247491903005,0.444938127024249,0.975745521155218,-0.319910703064877,0.642782733979855,-0.506669829823431,0.470337682298667,0.0491697054861848
25.3,-0.00145502479344308,-0.609231769918365,-0.00291004958688617,0.500727512396722,0.999995765805701,-0.291076261678643,0.672433033367649,-0.407998868033923,0.466315159074722,0.0399229028787619
25.4,0.251067187155955,-0.584942477191556,0.502134374311911,0.374466406422022,0.873930535067193,-0.0832856693606431,0.696307900907008,-0.308071525791875,0.454556806309534,0.0759228497750766
25.5,0.461831423109235,-0.508238248366803,0.923662846218471,0.269084288445382,0.573423473257797,0.265171422122303,0.647954885976324,-0.260227690810654,0.440699220177227,0.245810525324439
25.6,0.378816099225047,-0.391206609779284,0.757632198450094,0.310591950387476,0.712996725935838,0.0281077267134783,0.601801701304013,-0.220840919880519,0.439671333436625,0.0737376807655946
25.7,0.287896152843631,-0.304796202934616,0.575792305687262,0.356051923578185,0.834231610355673,-0.172907548218361,0.561292527558413,-0.179454029549397,0.448331864624099,0.0117669347844904
25.8,0.156778456435368,-0.111278930133961,0.313556912870736,0.421610771782316,0.950841031195487,-0.278128860075131,0.585010515865274,-0.0563751242746897,0.462380799189624,0.0548395948641966
25.9,0.0793790189437679,-0.125481120181913,0.158758037887536,0.460310490528116,0.98739794270305,-0.301007995812027,0.6122932535654,0.0858099661693992,0.472148453670313,0.137703054421663
26,-0.232684923748866,-0.0921416732249674,-0.465369847497733,0.616342461874433,0.891715452519969,-0.105572282878743,0.641308160756906,0.241897873522707,0.475536241837466,0.114420573045084
26.1,-0.00255440628479351,-0.170052421905832,-0.00510881256958703,0.501277203142397,0.999986950017064,-0.160841336869201,0.661028029798177,0.391154266198285,0.474961349835092,0.255014715773604
26.2,-0.0697949204257345,-0.349662298615043,-0.139589840851469,0.534897460212867,0.990257338165531,-0.0991091384201439,0.688380647575616,0.55299530448459,0.467842235802686,0.34178898384713
26.3,-0.206388218495943,0.467680207531952,-0.412776436991887,0.603194109247972,0.914807806532141,0.0943085670345615,0.688250235036924,0.698373961306805,0.455265226750596,0.302466125524119
26.4,-0.0472713698987261,1.13597077086421,-0.0945427397974523,0.523635684949363,0.995530835175796,0.0411783811386976,0.701182931227721,0.856142122643601,0.44000961996329,0.520352338527249
26.5,0.157705192869018,0.539152578220357,0.315410385738036,0.421147403565491,0.950258144284292,0.1007380812133,0.7096324952422,1.02211829843348,0.418793141389692,0.656918286875996
26.6,0.119767537189218,1.20021967840337,0.239535074378436,0.440116231405391,0.971311474071259,0.0758903517926505,0.728553993794885,1.21004012402182,0.390962884242659,0.962311916855591
26.7,-0.190078008065323,1.14226514665359,-0.380156016130646,0.595039004032661,0.927740701699838,0.176206378153542,0.744954556331398,1.40929968745718,0.354725947450407,1.12961935666085
26.8,-0.0849648732188141,1.33910343889453,-0.169929746437628,0.542482436609407,0.985561940637822,0.145998688537147,0.745395241621578,1.60666546145734,0.310925227216329,1.57689683251832
26.9,0.0663601123949157,2.20287678145006,0.132720224789831,0.466819943802542,0.991192670965868,0.187413919341798,0.766253444565691,1.82529115411596,0.257940258915109,1.96319762898873
27,0.543732542965419,1.79537789096867,1.08746508593084,0.22813372851729,0.408709843440717,0.846228731705142,0.68012771555051,1.99349336108328,0.19670368519682,1.2325232129599
27.1,1.13003449919943,2.38518132384375,2.26006899839886,-0.0650172495997142,-1.55395593876181,2.00130647313099,0.431449348000631,1.99439071495679,0.138206866809011,0.229420494828629
27.2,1.2213728729249,2.36515861775931,2.44274574584981,-0.110686436462452,-1.98350338943367,1.03738424267645,0.265403815105195,1.92378045731465,0.0977581883917353,1.66374049857588
27.3,1.98052376968499,1.50319682496758,3.96104753936998,-0.490261884842496,-6.8449488045745,1.30781372507749,0.157648112336452,1.50429106880139,0.0686767443415552,0.255729136230697
27.4,2.50651990877489,0.623431024769527,5.01303981754978,-0.753259954387444,-11.5652841061697,0.766535341576714,0.111244892195502,0.746903690402558,0.0539830024148476,0.105895987710644
27.5,2.43933863237377,-0.679640463037299,4.87867726474754,-0.719669316186886,-10.9007459267823,-0.552285509126142,0.0963619561968607,-0.477029627365468,0.0535782080881584,0.100875838917875
27.6,2.06267631850548,-1.40115921182934,4.12535263701096,-0.53133815925274,-7.50926718984664,-1.28383016264688,0.103934053193165,-1.4471565061655,0.0657966045306747,0.173453666253726
27.7,1.36064054312127,-1.81826682421538,2.72128108624254,-0.180320271560636,-2.7026853751707,-1.91685756712443,0.12815781775172,-2.07880167774959,0.0953337017154699,0.122196972943134
27.8,0.773271551334087,-1.69863738683157,1.54654310266817,0.113364224332956,-0.195897784205251,-2.1475095812295,0.175706452766327,-2.1393783165259,0.139279954414187,0.0126952653227808
27.9,0.420568126608721,-1.97835742006106,0.841136253217443,0.289715936695639,0.646244901761661,-2.14014425204194,0.232195428801302,-1.98007849492706,0.182606067826416,0.0685117189567519
28,0.425188895074074,-1.88293408436289,0.850377790148148,0.287405552462963,0.638428807011376,-1.86496483440962,0.282281837979407,-1.80397999326379,0.218383557175429,0.0217324697468727
28.1,0.301138010826977,-1.71705764437909,0.602276021653954,0.349430994586512,0.818631796870343,-1.75083345256881,0.331301049866635,-1.62030417655573,0.248211327833423,0.0446879704163898
28.2,0.527985888302888,-1.6078101743709,1.05597177660578,0.236007055848556,0.44246180350602,-1.26410967486126,0.360720511703609,-1.48662621603825,0.271379722413514,0.0870871746873698
28.3,0.120721775004904,-1.31767505339527,0.241443550009809,0.439639112497548,0.97085250607933,-1.48493273330264,0.398980495100085,-1.3402124035989,0.293741576244177,0.04746814415717
28.4,0.198908566660358,-2.01619629560861,0.397817133320716,0.400545716669821,0.920870764218244,-1.30019335202105,0.454617824248113,-1.13373158378865,0.304456945093339,0.0657886660879115
28.5,0.468094311471954,-1.58397121035079,0.936188622943907,0.265952844264023,0.561775431135195,-0.82424178216432,0.47257656956054,-0.984988746980923,0.303878139163434,0.0696376257794561
28.6,0.232851026510086,-1.37575348356142,0.465702053020173,0.383574486744957,0.891560798906398,-1.02029922776413,0.485802488781601,-0.850312049315407,0.30108258074005,0.0788305688590466
28.7,0.390097188034263,-2.03534943548282,0.780194376068525,0.304951405982869,0.695648367775522,-0.730595586031216,0.507688004313361,-0.691133921145894,0.290068919807256,0.0670842718305336
28.8,0.495202344446588,-2.11084097987432,0.990404688893176,0.252398827776706,0.509549276109206,-0.452966905511922,0.484719885667154,-0.601738561535222,0.27535338324167,0.0896221629484456
28.9,0.648870583850863,-1.70299060780654,1.29774116770173,0.175564708074568,0.15793393082608,-0.0791102574041475,0.454540560418272,-0.543722907422277,0.261678323903585,0.301388804992228
29,0.618278036379956,-1.28029968038196,1.23655607275991,0.190860981810022,0.235464539460291,-0.172505102091351,0.397995370731334,-0.596555962153345,0.258050512082343,0.266736403219547
29.1,0.714243167076376,-0.885948809159891,1.42848633415275,0.142878416461812,-0.0202866034305831,-0.0107155232983616,0.357078232136544,-0.706583961121708,0.271085680404667,0.695397348251428
29.2,0.375687877161655,-0.81322679715753,0.75137575432331,0.312156061419173,0.717717237907538,-0.498044032571567,0.361576711170052,-0.757717014755354,0.304889513349123,0.100117955850127
29.3,0.326760415220308,-1.16305048272422,0.653520830440616,0.336619792389846,0.786455262090104,-0.488490006434149,0.38845464782154,-0.735957967808839,0.346361148547755,0.081992159301151
29.4,0.14626971850765,-1.10040033719393,0.292539437015301,0.426865140746175,0.957210338895385,-0.5627980208808,0.427738335544767,-0.665698067543198,0.390957659141836,0.0143390396839811
29.5,0.0746890839105728,-0.405940611835238,0.149378167821146,0.462655458044714,0.988843081489199,-0.515682801817362,0.480325391243183,-0.549764947948199,0.431317727322745,0.00400348968854518
29.6,-0.0831056275611905,-0.302373778011694,-0.166211255122381,0.541552813780595,0.986186909335321,-0.434877341436936,0.528682741826904,-0.426704383761198,0.464223946146678,0.00411219575378164
29.7,-0.0597193485932,-0.216776938974398,-0.1194386971864,0.5298596742966,0.992867198807208,-0.360866683868649,0.57195269610464,-0.303184558456932,0.490176027524794,0.00856550348787995
29.8,0.299255851789326,-0.300992766969759,0.598511703578651,0.350372074105337,0.82089187033969,-0.113919957853941,0.605945951704773,-0.18081153461705,0.509517942544075,0.010786849480824
29.9,0.263950978853372,-0.603822109465945,0.527901957706744,0.368024510573314,0.860659761524693,-0.173801865809939,0.592951371862531,-0.097097447144161,0.532082357666794,0.00779115492334253
30,0.375341600098622,-0.301466522707298,0.750683200197245,0.312329199950689,0.718237366470811,-0.0222877908341353,0.566236242415846,-0.0222877908341353,0.566236242415846,0
