index,filter_mean,filter_cov,smoother_mean,smoother_cov,ACI_metric
1,4,0.1,4.07806992659938,0.0845410455895313,0.0371463066138147
41,3.60696524817859,0.0954778171274035,3.71191372213518,0.0807632947280983,0.0643076648628149
81,3.27181078896343,0.0936980638386392,3.41920851897189,0.0789501512656716,0.122868014171112
121,3.06264311945992,0.0931993137297232,3.17187407681588,0.0780012641418717,0.0714826001574127
161,2.82719494231558,0.0908067065890243,2.89947454570589,0.0754418352797287,0.0368497889929948
201,2.61776256623093,0.0896823993106561,2.66087258683197,0.0736296915778863,0.0194769670568496
241,2.46143843717843,0.088579216127666,2.43308950746971,0.0715820923147857,0.0151194889145127
281,2.27949092500189,0.0856787822915496,2.17790606889965,0.067875312218476,0.07279173614053
321,1.99256374111272,0.0857227475440024,1.97241647856747,0.0658569226518487,0.0183118841114242
361,1.8688811613641,0.0906610828100759,1.85283373880421,0.066741836247825,0.0226526006356794
401,1.85312717179655,0.0940191931927797,1.72011012358905,0.0658521708704039,0.122344609263351
441,1.68504696720343,0.0982786741253909,1.60029746876197,0.0646534456781348,0.074853382828103
481,1.55671600814209,0.108411267340266,1.55002185667083,0.0658922098835639,0.0530618450619307
521,1.57162462222976,0.12155774522619,1.53144972722007,0.0674458509919619,0.0785941784193524
561,1.50603222955002,0.137736487219241,1.53628359544276,0.0689251673778699,0.0996892076900037
601,1.57876744991123,0.156262687927623,1.55559303608668,0.0697619113894467,0.128163576553563
641,1.49448754944624,0.181766608875844,1.61227673493175,0.0714462588257143,0.201587064284113
681,1.62284513941778,0.21654020248583,1.71084686714732,0.074322633329209,0.224176193672057
721,1.69229872093764,0.257519306187759,1.82695127876579,0.0768383314301301,0.289088783334234
761,1.75336212256375,0.305985655258805,1.96232756696176,0.079126907042758,0.376894941649489
801,1.93115856114764,0.370659526009964,2.14200401556416,0.082881400817309,0.420707744274605
841,2.05347016924869,0.444013690405669,2.3364027703662,0.0862065857829316,0.506775487035876
881,2.11867207094394,0.543677160359018,2.58778041899885,0.0918398304473452,0.676000061161424
921,2.4321617883115,0.672602467740333,2.89283752988923,0.0998081605545754,0.685909704299523
961,2.8942953072232,0.801774079618639,3.19385917484033,0.106655101343231,0.631087706191701
1001,3.05806956346682,0.956826393973771,3.54109303561365,0.115447094649031,0.73965247314739
1041,3.85631627055534,1.10482303968038,3.89141315433516,0.123838626777727,0.650832581340064
1081,4.12835631244017,1.23148057968103,4.23528333633801,0.131206615855307,0.677513602528649
1121,4.53380135094313,1.33662945757347,4.58201477073551,0.138144256966015,0.687349855456359
1161,4.11639764395705,1.50427518845542,5.0336886895709,0.150461427939971,0.980868293402092
1201,4.33674578388866,1.76016954284476,5.62334758083565,0.170722766625218,1.18528126197975
1241,5.09223093963826,2.03823635784059,6.28770762834752,0.196325117068561,1.06878312030387
1281,5.51694586556624,2.26666770017299,6.97104677504249,0.224455218286608,1.17212071775821
1321,5.61036461487137,2.48943842448921,7.72796066727468,0.259014673300174,1.58413408124941
1361,5.52234393963908,2.7738562830981,8.62749060877828,0.305738928684512,2.39574397723365
1401,7.23917791732768,2.96914250556723,9.56955162629884,0.359523212926867,1.5306816052296
1441,9.09536947728655,2.82457352331048,10.3450564872531,0.404949562468517,0.81931031635279
1481,10.8584201208755,2.31462076030525,10.7839782467987,0.427171619758333,0.438381531118143
1521,9.98307551001678,1.85398150596136,11.0523762719171,0.437290151419911,0.648544122718145
1561,10.1496907347824,1.42334060025076,11.0637634503943,0.428886728440899,0.543956388595526
1601,9.87207367854759,1.01775541681561,10.6779960581474,0.393332990710446,0.487674561557706
1641,9.17391779831407,0.719220266720542,10.0405173783276,0.344256714784265,0.629805946855831
1681,8.99911604478893,0.482854971306651,9.05802856092013,0.28028628547625,0.0657849100196679
1721,8.09502359412133,0.303854175725894,7.73247926658622,0.208656359458526,0.247564419568747
1761,6.68657664948843,0.185745473414774,6.26058773086038,0.145005231121012,0.502618676403847
1801,5.04861976207961,0.120937614414104,4.98002768041786,0.102048617296858,0.0262704293194929
1841,4.08614069464758,0.0873690345841962,3.99829705401617,0.0768082037086466,0.0481370823519268
1881,3.2665751882913,0.0670046339289387,3.16499221985318,0.0603051395645123,0.0796823337335841
1921,2.59949706279027,0.0565270855115735,2.53048748253942,0.0512910121571373,0.0444117093102338
1961,2.1058566853309,0.0521472345707749,2.06546518133687,0.0471669607773733,0.0180796567128398
2001,1.78814955882873,0.0517394106068603,1.73741016746803,0.0462209410106497,0.0279433014431832
2041,1.52450207910319,0.0529041752022853,1.47730346558113,0.0463249144204319,0.0252744367024339
2081,1.29393675753343,0.0567655781327034,1.30322716797399,0.0482455556416755,0.00702777534287984
2121,1.18966762553047,0.0625097500252968,1.1877562643141,0.0510939920098562,0.00954521635001865
2161,1.06524235470323,0.0698615385367155,1.10983898861032,0.0543894739067685,0.0286728265092504
2201,1.02100882640341,0.0785594604895147,1.05908674090388,0.057718428830646,0.0307229077045011
2241,0.98293271155939,0.0891892560529591,1.03274042426018,0.0612324745234742,0.0452217099566737
2281,0.98923937530514,0.101803154259638,1.02475783092318,0.0647045993044245,0.0505931838898502
2321,0.952847085595033,0.115058424587903,1.0189280477128,0.0671057345194512,0.0801771625227175
2361,0.95809968962799,0.132345747701401,1.03623753406333,0.0700941853657735,0.105670188509658
2401,0.92860873979077,0.154156808698894,1.07329396975996,0.0735177422212599,0.176570743726476
2441,1.00889961049734,0.180137593407996,1.12372312846558,0.0769359440044219,0.175517082931488
2481,1.0330384747349,0.20992271749075,1.18188762997541,0.0799444012913233,0.225889878854269
2521,1.15596029203027,0.24571722472936,1.25385055658168,0.083159405286658,0.23042777910795
2561,1.20420652196278,0.285196085260092,1.32959688723295,0.0856938194846429,0.278999592965231
2601,1.37300160486578,0.331632409385509,1.41746474290231,0.0883372847066951,0.297598651131306
2641,1.66785601988866,0.373459970144666,1.48923935324533,0.0885191309367116,0.381022237587602
2681,1.62479540386972,0.421059877415466,1.5694493933593,0.0883921721214318,0.389097180357161
2721,1.72924585196695,0.482925243660318,1.67530388324169,0.0893899285510662,0.438990021178808
2761,1.88258152987979,0.553364873078513,1.79424887718844,0.0903772932120964,0.494724034447659
2801,1.94504669078398,0.641969566686135,1.94066247372771,0.0924542926556327,0.54093653976833
2841,2.33148520536478,0.741057390127511,2.10288540317767,0.0946952776371414,0.627857959357585
2881,2.64324267614849,0.850199835521606,2.2806883758446,0.0969769377823197,0.719833742226191
2921,2.69052644178448,0.975312899997935,2.48304755670136,0.0999397331988838,0.712398758414593
2961,3.06401985956879,1.11998997314842,2.7158668038955,0.104017579682722,0.788806718146717
3001,2.92906445376896,1.31222595317869,3.00524653447181,0.110958220743775,0.779653241871056
3041,2.98223680933101,1.55382639310059,3.35278372381896,0.121115070126612,0.859023396709611
3081,3.43265858953573,1.86588059475732,3.77538899492621,0.136027947750208,0.877242282474166
3121,4.0957529471387,2.21810982263499,4.25584177567911,0.155153741081981,0.870748491730202
3161,4.60611089909179,2.4775586621566,4.72815415112257,0.174348909540547,0.865176733113966
3201,4.648136409136,2.82671673430006,5.30372642146027,0.201766872504885,0.931592661608401
3241,5.33017367786416,3.14766470618275,5.93469171313683,0.235165911424451,0.89246773916003
3281,5.96826476370073,3.39234142970702,6.60919869760083,0.274480504588901,0.858201220448097
3321,7.16631007680891,3.65172589464038,7.38185861001489,0.325256180913988,0.76006714989692
3361,9.15900738606273,3.45642012383424,8.03375660380873,0.369643301511761,0.854361930913253
3401,10.3115308132312,3.02494325865016,8.5738551397411,0.406846778042109,1.06945718421113
3441,10.3314399478623,2.35250705960505,8.85282215101225,0.422195684506875,0.913293850807013
3481,9.595022034675,1.86924949365682,9.05050861201416,0.431044949876456,0.428147422879401
3521,10.3795445076638,1.38722359483091,8.96776213846801,0.416023077504714,0.970495498558109
3561,10.013324254798,0.967446767208133,8.55057093471884,0.374859892078112,1.27361244492025
3601,9.04644337467141,0.690113018277068,8.00066790815606,0.327413102791643,0.902400916088083
3641,7.5945569905647,0.494999016818049,7.32522058276842,0.276411992561417,0.143811230529941
3681,6.81704930779904,0.366162792826108,6.63917384628271,0.230872234793733,0.0890701746710907
3721,6.23334405604605,0.271356466474385,5.90128138116381,0.188399608998031,0.232753004605715
3761,5.53271439688211,0.199303378144267,5.10495729117963,0.149404033028505,0.477941798787793
3801,4.69501112792312,0.148087385395129,4.31841873816173,0.117348665756898,0.491385815320088
3841,3.86421016702678,0.118053861658199,3.68041623388119,0.0964203919254233,0.152657385828718
3881,3.34417088764701,0.101623140329046,3.19490477244695,0.0839780551101842,0.11816413817
3921,2.9790960379846,0.0897079229642832,2.75194991430103,0.0743107286607453,0.295907564061651
3961,2.64244692704918,0.0813952574188142,2.3517874403785,0.0669292622320371,0.527944922668428
4001,2.2933865052382,0.0769659912008572,2.01207767659447,0.062074688377332,0.524861639780564
4041,1.99253109449731,0.0784762825731447,1.78210691098891,0.0611715329140522,0.296415469571545
4081,1.85247044735982,0.0835354861027401,1.62035319108314,0.0622033393151978,0.342236498509494
4121,1.72236727997792,0.0891957834080083,1.47595848810947,0.062840178842497,0.367739018848426
4161,1.6174305911328,0.0980041517244641,1.37308526047134,0.0645088950326755,0.342819042015584
4201,1.6291108468204,0.107556502726318,1.28103346068671,0.0654525980623918,0.615844751184731
4241,1.54024577784342,0.118213991878991,1.19635432718706,0.0656241533357487,0.572041632800879
4281,1.50370378488865,0.134135962237978,1.14785366237496,0.0668857978049123,0.569273031472609
4321,1.4777225214133,0.156769576871562,1.13420055114839,0.0693018325695231,0.505555683464458
4361,1.51968403029399,0.187113316442045,1.14984843580335,0.072667298826016,0.532587467158634
4401,1.66607927223617,0.218965000584724,1.16307523370861,0.0744414375750064,0.787182092588127
4441,1.73225921169295,0.255862559425668,1.18492241317961,0.0756425953548558,0.84255598423904
4481,1.88425783423075,0.299458018535913,1.21799552619762,0.0765163338806997,1.05117449350841
4521,2.01356037621602,0.343629481791872,1.24594763375675,0.0756169089231662,1.224330262461
4561,2.14791484160418,0.396266717157667,1.28579946037288,0.0743695814873529,1.36816444165438
4601,2.22768686964438,0.455889543823727,1.33352699969904,0.0723420803214423,1.37664508530932
4641,2.25083248831848,0.542765684971509,1.41859261447509,0.0717801628759123,1.21570914809131
4681,2.52670364565114,0.648038917871995,1.52326533021482,0.071141217674295,1.43640499802583
4721,2.44244250005498,0.78830481651512,1.66215747660846,0.0713039010645958,1.13286640665999
4761,2.6073461572927,1.01291747064534,1.87440110932069,0.0750450531003286,1.10347348890192
4801,3.08495514928892,1.30917217873563,2.13344555299055,0.0805549870303417,1.27065052656542
4841,3.57853755349289,1.64699958504786,2.41599468742258,0.0862537838343232,1.41118674070601
4881,3.69148916666012,2.11390709034568,2.77188584502871,0.0955254338995672,1.27107027153464
4921,4.43871150048732,2.71497136464261,3.19902304279054,0.108749761049196,1.41179970006951
4961,4.84497060028595,3.39599984329776,3.6789706048418,0.12515735446942,1.36898824103862
5001,5.8323699590935,4.19903580391953,4.23976668615977,0.147357347951701,1.49444133779764
5041,7.3362393944577,4.81652546860426,4.82289658867695,0.172261953001177,1.83903024517349
5081,7.71307745971654,5.22062205373235,5.44274721412793,0.201256897744545,1.64082760116775
5121,7.9085051182446,5.42382217106101,6.10824650840388,0.235605466511831,1.38868638950875
5161,9.68957626313236,5.50095955296648,6.83907792180308,0.277714599988062,1.75682280060358
5201,11.9613354700142,4.77145518548519,7.44645890996593,0.313110621377214,3.03078339221087
5241,9.86220971221896,4.10993687512609,8.0386945971733,0.349405620709816,1.17950480925585
5281,10.8009960928573,3.54795472779169,8.62762260660316,0.387713989612326,1.3272409852497
5321,10.8924865827101,2.83222825876594,9.04159537365382,0.412870049874347,1.14051944626107
5361,10.135904482767,2.25245285744374,9.34677538144738,0.429675895183326,0.561984067115376
5401,10.3377069051365,1.75756845758426,9.4941073673039,0.433652325955775,0.52554474144201
5441,10.5131748150411,1.30273870229929,9.36750689873858,0.415296651482073,0.734776706730108
5481,10.0632375290389,0.903704839335714,8.88248706388392,0.370375280465382,0.922278010142137
5521,8.31773062756533,0.634522554495247,8.23324646137539,0.317993952037627,0.10162194429093
5561,7.31959775224204,0.479518000504351,7.65871721828844,0.275963344427173,0.183921636453938
5601,6.76537159732271,0.359139002259479,6.97915957739294,0.232239227795244,0.104930298675247
5641,6.28483461484096,0.264599412142366,6.19840765222779,0.188709973084518,0.0397134245896903
5681,5.39996545493586,0.193960296264567,5.37062669838322,0.149497563076477,0.0177874775307805
5721,4.58046054437316,0.147736033205034,4.62715779934942,0.120088163989509,0.0174087884047595
5761,3.91135413588956,0.119593503323189,4.02343221965334,0.100445941802476,0.0597042040154255
5801,3.50125737754243,0.099734441019917,3.48197008201193,0.0856380157529739,0.0073860400800243
5841,2.98238666690243,0.0855082288966546,2.99054763454617,0.0744379692512587,0.00498054628289156
5881,2.56553137878336,0.0773574291742747,2.59790622385695,0.0676389344197286,0.0110854966976434
5921,2.32173365263818,0.0717521931055233,2.25032089738393,0.062652136387309,0.0399346899683864
5961,2.01219106015811,0.0682796032277916,1.94348714725358,0.0591670176842557,0.0394589221475622
6001,1.81763807350745,0.0668025535273316,1.68212180569256,0.0570443922042663,0.143373194636725
6041,1.60003690715665,0.0669063309592042,1.45459285927896,0.0558465882051536,0.165778104652777
6081,1.47012662308866,0.0682577630372376,1.25629177561726,0.0551835440636705,0.345488350512915
6121,1.24731178380635,0.0720844084810666,1.09815463457384,0.0557537582236318,0.169490059839343
6161,1.20589431421857,0.0794599316085829,0.992982743384649,0.0580569342091949,0.307482957328672
6201,1.15301295224325,0.0878923774041875,0.899879829168875,0.0599847616594145,0.396767229424037
6241,1.08728689643566,0.099015175344509,0.829265908027639,0.0623226123081982,0.382371815210721
6281,1.06075465780722,0.112212768280157,0.770764514382928,0.0643799811889639,0.439371759305406
6321,1.08140827656311,0.127285789508326,0.718518419327561,0.0657818438898167,0.605744393272599
6361,1.16679493686395,0.144699638249197,0.671556395615707,0.0665051613704341,0.96597830905793
6401,1.1271080657911,0.162500108194116,0.618473775607423,0.0654768107374,0.951984960443936
6441,1.09504141775661,0.186836731613671,0.57975253323412,0.0647471566849939,0.913718665286033
6481,1.15285427044652,0.220942319905066,0.559161656087626,0.0647048286111758,1.05811585890386
6521,1.15280190255702,0.265500363148802,0.550803081486393,0.0647434190969343,1.01000905250808
6561,1.30182171532824,0.322475248317209,0.553211503806139,0.064712119852936,1.27230614832764
6601,1.3830003905275,0.386628636028988,0.555191058172279,0.0631701616116983,1.37371982791255
6641,1.42750905778725,0.471421024972829,0.570091569326727,0.0617625530067802,1.36146663131882
6681,1.48161995887326,0.594355783733863,0.606535755307992,0.0615655540840776,1.32968330086317
6721,1.44165420003467,0.767112860540252,0.663152151735739,0.0623578251745682,1.19054704058774
6761,1.81852948006386,0.989826187100501,0.734009003034156,0.0633864104633832,1.50029586440114
6801,2.04466070476764,1.26637565211601,0.81685362276097,0.0641681642462962,1.61174547418476
6841,2.34063739344922,1.61424969603045,0.915927296576745,0.0651275449302972,1.75402447160968
6881,2.40202777081756,2.09434697122445,1.04343171998413,0.0674611259732634,1.67448671912531
6921,3.20350742383233,2.65713010459407,1.18794974340326,0.0699371025278135,2.09631054322899
6961,3.289087416909,3.32430848793473,1.35511280717335,0.0729293114816291,1.98329403451069
7001,3.43878549917301,4.08008773757581,1.54743799114463,0.0766462262700505,1.93510178006697
7041,4.10255044023822,5.18855643348414,1.79762371075572,0.0840686736697037,2.08135172530827
7081,4.88923292402541,6.11990380401191,2.06144532929295,0.0915164295494621,2.26217802905775
7121,7.1851305893127,6.76275219701004,2.34489803822388,0.0996106518183582,3.34844673670332
7161,8.81325554328887,6.82505311269948,2.63143049754788,0.107122197557271,4.38464936007899
7201,8.35553912040766,6.7912960757898,2.94805864084702,0.116109874392996,3.69579623106
7241,8.47126571008286,6.61240392569551,3.29263951877108,0.126621591931228,3.51519264667933
7281,8.20793809905895,6.3859809761723,3.67061058393277,0.139211779087567,3.03574868454895
7321,8.73266587707053,6.21033955673828,4.09496434539294,0.155114381519661,3.08904295311452
7361,7.97950787541872,5.83972072265593,4.53643539697947,0.172535282140507,2.29070066303276
7401,7.4645849874976,6.02377817448848,5.10318175384724,0.199878283499773,1.68232259055096
7441,8.25124338075312,5.99086556788147,5.71149948201966,0.23223751955849,1.68284240783877
7481,9.86925882132513,5.67674215674191,6.33991493002846,0.268564430062163,2.14630753681132
7521,10.2620391656861,4.85105454007599,6.89404502765746,0.30122445898299,2.08976203487389
7561,11.5215839710058,3.90479869244875,7.3608832595383,0.328425736716478,2.99656617007845
7601,10.4901676577617,2.94595652855955,7.65969362393221,0.342573002388395,1.99375419150437
7641,10.1611575055741,2.36215278603904,7.94262303237467,0.356034459182278,1.56333692260112
7681,9.14449009575181,1.87539716992785,8.11217335796631,0.36061926748721,0.704641847337965
7721,8.29526568409391,1.54013302077024,8.24905877007992,0.363038092767523,0.341110628496846
7761,7.8686710936136,1.32477053648138,8.41191907231179,0.368126658000725,0.390608235020336
7801,7.25763453035012,1.16407962991759,8.57177012332162,0.373531799083544,0.970549554530156
7841,7.78059833130248,0.992107727177396,8.60270273686261,0.369167458427476,0.520958834558779
7881,7.78021157121539,0.794673076628914,8.3896032492316,0.346680548188989,0.366546021879808
7921,7.85905146550043,0.623132182950747,8.02243746727573,0.314801817202607,0.115424031487676
7961,7.13816874882082,0.460974445827437,7.39647909011481,0.268756981983198,0.133650184685316
8001,6.40650854656564,0.339259632583039,6.67530486448089,0.222492552568866,0.145329022382464
8041,5.80033651633788,0.258603648004812,6.00021147564771,0.184704412408904,0.10263038290029
8081,5.04313741317021,0.203312521580269,5.37847208143395,0.154510492373594,0.293766953136921
8121,4.50781532235532,0.161366093589526,4.76616752128864,0.128706950888852,0.218687969397725
8161,3.96817763936302,0.130872588600275,4.19573344883063,0.108132653591456,0.206386889645125
8201,3.52950111675937,0.107430851997757,3.64570363815032,0.0911132221919014,0.0692726284083445
8241,3.05039721511692,0.0908115414895335,3.15009312184684,0.0782910711773028,0.059964581094583
8281,2.62687279067352,0.0799454597190912,2.72879752402893,0.0694177259820097,0.069731339626743
8321,2.31508351006982,0.0739294210516263,2.39477710558564,0.0640910554198296,0.0478177187667201
8361,2.0138248494382,0.0713329000651011,2.13292380991004,0.0612673104012718,0.104927091579623
8401,1.83424562313218,0.0706568121392657,1.92100484045563,0.0597272151513481,0.0599461803289879
8441,1.67675594497111,0.0710756312544499,1.73987211948787,0.0587162287189175,0.0365927932512433
8481,1.47471383288054,0.0735592613690999,1.60503919752862,0.0588397709127036,0.127033856976471
8521,1.37629529069227,0.0784790375193031,1.52197920472215,0.0601901764963395,0.151360086668357
8561,1.24988467094739,0.0856476373049741,1.47856392482206,0.0623473921551881,0.32802291976783
8601,1.20560183290534,0.0944534216393342,1.46308249905354,0.0646674533815005,0.382695978004727
8641,1.18936273423118,0.105485273220065,1.47523868324596,0.0672672310838854,0.431172247250207
8681,1.18621997179959,0.118083006904611,1.50322847016309,0.0694982026931669,0.48484471173586
8721,1.12960534993807,0.135022781403014,1.56674220406973,0.0726256799667462,0.786617337736991
8761,1.12595105843232,0.155882797973765,1.65570039048501,0.0760743634329548,1.00285332402643
8801,1.16059022855658,0.18360363755288,1.78301400100768,0.0808420034908509,1.18531581437475
8841,1.28079553098957,0.213511399142728,1.91531194363599,0.0847582516214877,1.10326278441564
8881,1.34527055191711,0.24810229265663,2.06420458499429,0.088653041779731,1.2348568653204
8921,1.41397438010226,0.287680653451074,2.22923990724789,0.0925420286313366,1.38313651658106
8961,1.48951685928016,0.341149654258048,2.44330760752791,0.0987712946165261,1.59782996755414
9001,1.61041771030128,0.405182345560971,2.6867986990682,0.106158422916802,1.73042489455251
9041,1.81171512372458,0.473928620916612,2.93991000290388,0.113492781430645,1.67723813348584
9081,1.90729370593974,0.551807141213038,3.21730246831921,0.121816885803346,1.92072224822967
9121,2.15969027063872,0.663244663693183,3.58103882300405,0.135686152309245,1.91868068518669
9161,2.2635676987971,0.783298147547515,3.96523811540046,0.151043568568968,2.26777847216219
9201,3.1633226106727,0.894233204171991,4.34356624864682,0.166317608913225,1.21289384959411
9241,3.27106763057452,0.975417188338282,4.68593815906834,0.179239584128115,1.46510445297627
9281,3.55718412236947,1.07003144788988,5.07827329971554,0.195939421176659,1.52151886691905
9321,3.88485288665348,1.16625111805706,5.50457644703801,0.215652041469934,1.56115665093366
9361,4.25906052369213,1.27023505082381,5.98060110674962,0.239940091412024,1.59432699697432
9401,4.58614491185884,1.36744518550975,6.48871265334704,0.267982644904962,1.73642517672968
9441,5.52362937220624,1.39171811945758,6.9297366042758,0.292223992839672,1.09569618862619
9481,5.7901118246814,1.36462082730928,7.31832737412968,0.313357265626939,1.20616997827909
9521,6.07456213942379,1.29294160404449,7.64317176887557,0.33024977819616,1.26165194828159
9561,6.3881057679058,1.198493785501,7.91395227841272,0.34349528668877,1.23943229735304
9601,6.24870062555255,1.08710352316351,8.11221255011599,0.351466342332234,1.82344700855052
9641,6.43847536071552,0.972449661244203,8.24477262608596,0.354704599632386,1.86421593375273
9681,6.95372705714239,0.839482968312431,8.2421569271868,0.347862525068285,1.13641245962796
9721,7.10690808415011,0.674931837007199,7.98088855019486,0.322404389429129,0.674110648034132
9761,6.66839927492126,0.536004136631878,7.60224012686823,0.290795579132566,0.890504456500427
9801,6.14742725158104,0.426029859630845,7.15488240629307,0.257574163341002,1.24508780003424
9841,6.0860077011967,0.332958705117251,6.60576950879429,0.221622499874418,0.442013729945694
9881,5.48957586273703,0.255127143139043,5.95784607975532,0.184625721019072,0.453287121782035
9921,5.02620286573404,0.192295006512863,5.23894275993428,0.149324095113641,0.132403308580608
9961,4.3509194391048,0.146554158840373,4.53292003531226,0.120059042070403,0.122322257541129
10001,3.72739179268661,0.116215912974299,3.91217972739079,0.0987239852527896,0.153214852580691
10041,3.17353033826967,0.0990101996432329,3.44241907682202,0.0858491505316265,0.369972216921964
10081,2.81108072688733,0.0870717147630927,3.03554752574057,0.0765172623592648,0.293332489210598
10121,2.46320652346515,0.0788376413722551,2.68168541429918,0.0698325846971575,0.306263434125756
10161,2.22929827083788,0.0724756159170603,2.35754219409834,0.0644745846976792,0.116753766318953
10201,1.97352586700616,0.0680088958580062,2.06724264763373,0.0605117803837406,0.0678528106760458
10241,1.69602036505368,0.0662449510844676,1.83646481439893,0.0586369798923423,0.152450401108421
10281,1.56066953172543,0.0654210756751643,1.63388386135588,0.0573863423991561,0.0450792037591882
10321,1.39195174740862,0.0663160435002823,1.47078092950362,0.0573354488761774,0.0518975183598805
10361,1.23659038799361,0.0689718781074963,1.34782886078972,0.0584353751196236,0.0962093155429918
10401,1.13919690229757,0.0739863461235307,1.27070355015815,0.0610411684622093,0.125555364294056
10441,1.10859190768272,0.0804947919821328,1.22161608042585,0.0643391345565051,0.091009645402097
10481,1.08327411385209,0.0867930279458943,1.17412491236856,0.0669369250772205,0.0630492468022526
10521,1.03080443436912,0.0938606562695458,1.13558256809263,0.0694534061754047,0.0790418025677729
10561,0.976045974862505,0.105367934674257,1.13912575017179,0.074272208103457,0.153503635893144
10601,0.97654963072698,0.117389109731077,1.14544922884106,0.0785901831554462,0.156872372723097
10641,0.988219615259398,0.130567217291069,1.15732640418539,0.0827541714586589,0.154420485108925
10681,0.958354248124957,0.146877173987331,1.18457893881924,0.0877909090367972,0.230396686553764
10721,1.01100582914768,0.168861009978095,1.23924038519104,0.0949845943646839,0.223173710936329
10761,1.1365730974551,0.191155293601931,1.28955632222112,0.10142300351065,0.143399558972933
10801,1.2566899576578,0.209437822648926,1.31707979235937,0.105214985398166,0.104101363026052
10841,1.3624009647259,0.228356567690869,1.34280448793505,0.108634374612312,0.11016233544649
10881,1.34090427804985,0.252462277654971,1.38301648124506,0.113542611831998,0.12792455269807
10921,1.47662371763868,0.281281939399684,1.43498053471687,0.119730248314889,0.142970310802959
10961,1.43117345408498,0.312306703552268,1.48911819159099,0.126225790024812,0.160418458169398
11001,1.7770483775874,0.35313662838407,1.56692755802242,0.135840498913126,0.232533304089657
11041,1.81759174459482,0.386556730072468,1.62304991644996,0.142968413270286,0.231206371920253
11081,1.9801261869331,0.427137056503059,1.69386818851716,0.152426209982099,0.289561869458624
11121,2.11889269443099,0.466959511733868,1.76185368012959,0.162033536084406,0.339214792189587
11161,2.31580553447643,0.503671617952581,1.82414982737639,0.171460909008653,0.448958836758535
11201,2.66936662576588,0.54975295328128,1.90441155629969,0.184304986203809,0.746263107740227
11241,2.84886358751004,0.580512364195596,1.96024927654011,0.194387357085341,0.894575886267738
11281,2.80808715316791,0.623265816801989,2.03723265281608,0.208822437458439,0.69096318332148
11321,3.01074828250159,0.671358042440863,2.12603175581411,0.226536920478102,0.794853067504007
11361,3.19445084498958,0.713219348576963,2.21030458602908,0.245066414919231,0.884927237216063
11401,3.62386673809612,0.756343985631659,2.30150299689475,0.266655072258166,1.35353495977064
11441,3.4444572929273,0.807170100590433,2.40819203878165,0.293440172763449,0.852892971672437
11481,3.73170375998768,0.863885705736801,2.53089509030065,0.326151832389308,1.0103762390009
11521,3.98434005866898,0.918811161463207,2.66035272965401,0.363625838059367,1.11527481988945
11561,4.29862523729812,0.967515983487156,2.79304719295692,0.40559214150304,1.31573236887843
11601,4.71722549978216,1.02463801991834,2.94649826970814,0.457157318141498,1.65665620258145
11641,4.67755548463336,1.06835446787491,3.09729191395158,0.513223017110215,1.27550407025991
11681,4.71085276281193,1.10983566056309,3.2590458256694,0.578157118044566,1.03610502555233
11721,4.74768434789652,1.18560958642679,3.47291280489995,0.666730786958337,0.754308755588693
11761,4.86528730392314,1.28524195807687,3.73299808634099,0.781262360132015,0.551600991838708
11801,4.48866488070413,1.46522455651457,4.09862300551578,0.951568404219288,0.0924581617729717
11841,4.83896466937527,1.70808470820171,4.55571499829364,1.18502089163251,0.0531774891444971
11881,5.36751589979821,1.95455124673909,5.0564503309645,1.47123368087837,0.0431436004241274
11921,5.15189837836019,2.27309964233064,5.66258550824753,1.85703330174222,0.0669293795473041
11961,5.62115753549096,2.62013545971287,6.35412832506407,2.35179699680293,0.105338764773941
12001,7.13944299852083,2.98451546020877,7.13944299852083,2.98451546020877,0
